;WKT;NOMBRE;CARACT_SIT;AUTORES;TECNICA;F_E;TAMAÑO_TS;UBICACION;DIRECCION;DOM_ORIG;CALLE;ALTURA;BARRIO;COMUNA
0;POINT (-58.3843530922336 -34.5975348140559);MATER GALECIAE;GALERIA LAS VICTORIAS;LUIS SEOANE;FIGURAS DE HIERRO S/ MOSAICO VENECIANO;1953.0;S/M;ACCESOPOR LIBERTAD;LIBERTAD 948;LIBERTAD 948 / 56;LIBERTAD;942;Retiro;Comuna 1
1;POINT (-58.3741921638092 -34.6116201690093);SIN TITULO;CASA NAC.DE LA MUSICA,EX BIBL.NAC.;ARQ. CARLOS MORRA;VITRAUX  CLARABOYA;1901.0;S/M;EX SALA DE LECTURA;MORENO 560;MORENO 560 / 84;MORENO;550;Monserrat;Comuna 1
2;POINT (-58.3851629076421 -34.6123693095443);INDUSTRIA;UNION PERSONAL CIVIL DE LA NACION;AUTOR DESCONOCIDO;PINTURA MURAL;1910.0;5 X 5;CIELORRASO S/ HALLCENTRAL;MORENO 1330;MORENO 1330 / 32;MORENO;1332;Monserrat;Comuna 1
3;POINT (-58.3851629076421 -34.6123693095443);FIGURA FEMENINA;UNION PERSONAL CIVIL DE LA NACION;AUTOR DESCONOCIDO;PINTURA MURAL;1910.0;2 X 4;TECHO ACCESO;MORENO 1330;MORENO 1330 / 32;MORENO;1332;Monserrat;Comuna 1
4;POINT (-58.3851629076421 -34.6123693095443);EL DIA;UNION PERSONAL CIVIL DE LA NACION;AUTOR DESCONOCIDO;VITRAUX;1910.0;2.90 X 3.50;HALL1s PISO;MORENO 1330;MORENO 1330 / 32;MORENO;1332;Monserrat;Comuna 1
5;POINT (-58.3851629076421 -34.6123693095443);LA NOCHE;UNION PERSONAL CIVIL DE LA NACION;AUTOR DESCONOCIDO;VITRAUX;1910.0;2.90 X 3.50;HALL1s PISO;MORENO 1330;MORENO 1330 / 32;MORENO;1332;Monserrat;Comuna 1
6;POINT (-58.3800547026695 -34.6119811748678);GRABANDO;OFICINAS;RODOLFO JULIO BARDI;RELIEVE;1968.0;S/M;"ESTUDIO DE GRABACION TNT""""";MORENO 970;MORENO 970;MORENO;970;Monserrat;Comuna 1
7;POINT (-58.3716153063414 -34.6114614174096);TRAFICO;OFICINAS;GUSTAVO VAN TREECK, MUNICH;VITRAUX;1920.0;S/M;ESCALERA;MORENO 376;MORENO 376;MORENO;376;Monserrat;Comuna 1
8;POINT (-58.3716153063414 -34.6114614174096);COMERCIO;OFICINAS;GUSTAVO VAN TREECK, MUNICH;VITRAUX;1920.0;S/M;ESCALERA;MORENO 376;MORENO 376;MORENO;376;Monserrat;Comuna 1
9;POINT (-58.3716153063414 -34.6114614174096);GANADERIA;OFICINAS;GUSTAVO VAN TREECK, MUNICH;VITRAUX;1920.0;S/M;ESCALERA;MORENO 376;MORENO 376;MORENO;376;Monserrat;Comuna 1
10;POINT (-58.3716153063414 -34.6114614174096);AGRICULTURA;OFICINAS;GUSTAVO VAN TREECK, MUNICH;VITRAUX;1920.0;S/M;ESCALERA;MORENO 376;MORENO 376;MORENO;376;Monserrat;Comuna 1
11;POINT (-58.3716153063414 -34.6114614174096);INDUSTRIA;OFICINAS;GUSTAVO VAN TREECK, MUNICH;VITRAUX;1920.0;S/M;ESCALERA;MORENO 376;MORENO 376;MORENO;376;Monserrat;Comuna 1
12;POINT (-58.4549124818252 -34.5604171054783);FIGURAS;VIVIENDA MULTIFAMILIAR;LUIS SEOANE;;0.0;S/M;HALL;CUBA 2141;CUBA 2141;CUBA;2131;Belgrano;Comuna 13
13;POINT (-58.3787842678166 -34.5924820468288);TITULO DESCONOCIDO;VIVIENDA MULTIFAMILIAR;BERNARDO BOUTS;FRESCO;1944.0;4.50 X 2;HALL;ARROYO 810;ARROYO 810;ARROYO;810;Retiro;Comuna 1
14;POINT (-58.3800547026695 -34.6119811748678);GRABANDO;ESTUDIOS DE GRABACION TNT;RODOLFO JULIO BARDI;RELIEVE EN CEMENTO PATINADO;1968.0;S/M;;MORENO 970;MORENO 970;MORENO;970;Monserrat;Comuna 1
15;POINT (-58.3762646421794 -34.6020971645339);ORNAMENTACION;EX CINE LUXOR;MAXIMO MALDONADO / MIGUEL OCAMPO;FRESCO;1944.0;2.50 X 6;;LAVALLE 669;LAVALLE 669;LAVALLE;663;San Nicolas;Comuna 1
16;POINT (-58.3764072150406 -34.6113965360295);LAS PALOMAS;INST.UNIV J.PERON, ESC.NAC.MUSEOLOGIA/OTROS;MATILDE GRANT;PINTURA MURAL;1980.0;S/M;FACHADA;MORENO 711;MORENO 711;ROCA, JULIO A., PRESIDENTE AV.;699;Monserrat;Comuna 1
17;POINT (-58.3738743618862 -34.5996968552746);SANTA CATALINA DE SIENA;SANTA CATALINA DE SIENA;EDUARDO PLA;GIGANTOGRAFIA;1999.0;S/M;FACHADA;SAN MARTIN 705;SAN MARTIN 705;VIAMONTE;494;San Nicolas;Comuna 1
18;POINT (-58.3984474714395 -34.605852823047);;SOC. HEBRAICA ARGENTINA;LUIS SEOANE;VITRAL;1945.0;4 X 2;;SARMIENTO 2233;SARMIENTO 2233;SARMIENTO;2227;Balvanera;Comuna 3
19;POINT (-58.3984474714395 -34.605852823047);EL PUEBLO HEBREO;SOC. HEBRAICA ARGENTINA;JUAN BATLLE PLANAS;MOSAICO VENECIANO;1945.0;4 X 2;HALL;SARMIENTO 2233;SARMIENTO 2233;SARMIENTO;2227;Balvanera;Comuna 3
20;POINT (-58.3984474714395 -34.605852823047);EXODO;SOC. HEBRAICA ARGENTINA;JUAN BATLLE PLANAS;MOSAICO VENECIANO;1945.0;6 X 2;HALL;SARMIENTO 2233;SARMIENTO 2233;SARMIENTO;2227;Balvanera;Comuna 3
21;POINT (-58.3984474714395 -34.605852823047);LA OFRENDA DE LA NUEVA TIERRA;SOC. HEBRAICA ARGENTINA;JUAN CARLOS CASTAGNINO;FRESCO;1943.0;3.50 X 3.50;BAR;SARMIENTO 2233;SARMIENTO 2233;SARMIENTO;2227;Balvanera;Comuna 3
22;POINT (-58.3984474714395 -34.605852823047);LA CULTURA DIGNIFICA A LOS HOMBRES Y HERMANA A LOS PUEBLOS;SOC. HEBRAICA ARGENTINA;DEMETRIO URRUCHUA;FRESCO;1943.0;4 X 5;OFICINA;SARMIENTO 2233;SARMIENTO 2233;SARMIENTO;2227;Balvanera;Comuna 3
23;POINT (-58.3984474714395 -34.605852823047);LAS ARTES;SOC. HEBRAICA ARGENTINA;ANTONIO BERNI;FRESCO;1943.0;3 X 2;ESCALERA;SARMIENTO 2233;SARMIENTO 2233;SARMIENTO;2227;Balvanera;Comuna 3
24;POINT (-58.426028241004 -34.6117523963827);RESISTENCIA Y LUCHA;CENTRO CULTURAL IMPA;BALTAZAR LEIRO;PINTURA MURALCON TEXTURAS DE METAL;2002.0;S/M;FACHADA;RAWSON 106;RAWSON 106;RAWSON;96;Almagro;Comuna 5
25;POINT (-58.3836968936888 -34.6009493085898);SIN TITULO;TEATRO COLON;CASA FELIX GAUDIN, PARIS;VITRAUX SOMBRILLA CENTRAL;1907.0;14 X 3.14;VESTIBULO PRINCIPAL;LIBERTAD 641;LIBERTAD 641;TOSCANINI ARTURO;1173;San Nicolas;Comuna 1
26;POINT (-58.3836968936888 -34.6009493085898);ALEGORIA A LA MUSICA, AL CANTO Y AL BAILE;TEATRO COLON;RAUL SOLDI;OLEO S/ LIENZO APLICADO;1966.0;320;CUPULA;LIBERTAD 641;LIBERTAD 641;TOSCANINI ARTURO;1173;San Nicolas;Comuna 1
27;POINT (-58.3886484868786 -34.6052255636653);DESPLAZAMIENTOS;CENTRO CULTURAL SAN MARTIN;JULIO LE PARC;MURAL MADERA, CHAPA Y ACERO INOXIDABLE;1967.0;S/M;CENTRO CULTURAL;SARMIENTO 1551;SARMIENTO 1551;SARMIENTO;1527;San Nicolas;Comuna 1
28;POINT (-58.3806379583038 -34.6050982038628);TITULO DESCONOCIDO;EDIFICIO DEL PLATA;BURNICHON / MELE / OBARRIO;MURAL CERAMICO;0.0;S/M;FACHADA;SARMIENTO 980;SARMIENTO 980;SARMIENTO;980;San Nicolas;Comuna 1
29;POINT (-58.383513246998 -34.5917233569293);NARCISO EN EL ESPEJO;EMBAJADA DE BRASIL;JOSE LUIS SERT Y BADIA;ENGLOMIZER (PINTURA SOBRE ESPEJO);1932.0;6.60 X 7.80;DORMITORIO;ARROYO 1130;ARROYO 1130;ARROYO;1130;Retiro;Comuna 1
30;POINT (-58.383513246998 -34.5917233569293);DIANA, LA CAZADORA;EMBAJADA DE BRASIL;JOSE LUIS SERT Y BADIA;MAROUFLAGE (OLEO SOBRE TELA PEGADO AL CIELORRASO);1932.0;6.60 X 7.80;SALON DORADO;ARROYO 1130;ARROYO 1130;ARROYO;1130;Retiro;Comuna 1
31;POINT (-58.383513246998 -34.5917233569293);EL ASEO DE DON QUIJOTE;EMBAJADA DE BRASIL;JOSE LUIS SERT Y BADIA;MAROUFLAGE (OLEO SOBRE TELA PEGADO AL CIELORRASO);1932.0;5.60 X 10.20;GRAN COMEDOR;ARROYO 1130;ARROYO 1130;ARROYO;1130;Retiro;Comuna 1
32;POINT (-58.383513246998 -34.5917233569293);LA TELA DE ARAÑA;EMBAJADA DE BRASIL;JOSE LUIS SERT Y BADIA;MAROUFLAGE (OLEO SOBRE TELA PEGADO AL CIELORRASO);1932.0;5 X 7.20;PEQUEÑO COMEDOR;ARROYO 1130;ARROYO 1130;ARROYO;1130;Retiro;Comuna 1
33;POINT (-58.383513246998 -34.5917233569293);EL AGUJERO CELESTE;EMBAJADA DE BRASIL;JOSE LUIS SERT Y BADIA;MAROUFLAGE (OLEO SOBRE TELA PEGADO AL CIELORRASO);1932.0;6.60 X 8.30;SALA DE MUSICA;ARROYO 1130;ARROYO 1130;ARROYO;1130;Retiro;Comuna 1
34;POINT (-58.383513246998 -34.5917233569293);LOS EQUILIBRISTAS;EMBAJADA DE BRASIL;JOSE LUIS SERT Y BADIA;MAROUFLAGE (OLEO SOBRE TELA PEGADO AL CIELORRASO);1932.0;6 X 12;CIELORRASO GRAN HALL;ARROYO 1130;ARROYO 1130;ARROYO;1130;Retiro;Comuna 1
35;POINT (-58.3737353854379 -34.6080419000903);LA FUNDACION DE BUENOS AIRES;PALACIO DE GOBIERNO DE LA CIUDAD;JOSE MARIA CARBONERO;OLEO S/ TELA;1910.0;2.40 X 4;SALON BLANCO;BOLIVAR 1;BOLIVAR 1;RIVADAVIA AV.;524;Monserrat;Comuna 1
36;POINT (-58.4558159186076 -34.5875007841595);LA RESURRECCION DE CRISTO;CEMENTERIO DE LA CHACARITA, CAPILLA;EMILIO CENTURION;OLEO SOBRE TELA;1940.0;S/M;CAPILLA DE RESPONSOS, SECTOR A;GUZMAN AV. 730;GUZMAN 730;;;Chacarita;Comuna 15
37;POINT (-58.3859784748736 -34.6065915235755);INSTRUCCION;UNIONE E BENEVOLENZA;LUIS TRINCHERO;RELIEVES;1913.0;S/M;FACHADA;PERON, JUAN DOMINGO, TTE. GENERAL 1372;PERON 1372;PERON, JUAN DOMINGO, TTE. GENERAL;1374;San Nicolas;Comuna 1
38;POINT (-58.3859784748736 -34.6065915235755);TRABAJO;UNIONE E BENEVOLENZA;LUIS TRINCHERO;RELIEVES;1913.0;S/M;FACHADA;PERON, JUAN DOMINGO, TTE. GENERAL 1372;PERON 1372;PERON, JUAN DOMINGO, TTE. GENERAL;1374;San Nicolas;Comuna 1
39;POINT (-58.3859784748736 -34.6065915235755);SOCORROS MUTUOS;UNIONE E BENEVOLENZA;LUIS TRINCHERO;RELIEVES;1913.0;S/M;FACHADA;PERON, JUAN DOMINGO, TTE. GENERAL 1372;PERON 1372;PERON, JUAN DOMINGO, TTE. GENERAL;1374;San Nicolas;Comuna 1
40;POINT (-58.4558159186076 -34.5875007841595);LA RESURRECCION DE LAZARO;CEMENTERIO DE LA CHACARITA, CAPILLA;MIGUEL PETRONE GAUDINO;OLEO SOBRE TELA;1940.0;S/M;CAPILLA DE RESPONSOS, SECTOR A;GUZMAN AV. 730;GUZMAN 730;;;Chacarita;Comuna 15
41;POINT (-58.3859784748736 -34.6065915235755);FIEBRE AMARILLA;UNIONE E BENEVOLENZA;LUIS TRINCHERO;RELIEVES;1913.0;S/M;FACHADA;PERON, JUAN DOMINGO, TTE. GENERAL 1372;PERON 1372;PERON, JUAN DOMINGO, TTE. GENERAL;1374;San Nicolas;Comuna 1
42;POINT (-58.4504783603596 -34.56240772051);LAGO KINERET;VIIVENDA MULTIFAMILIAR;HORACIO VOPDOVOTZ;MURAL CERAMICO;1966.0;S/M;FACHADA;O'HIGGINS 1815;O`HIGGINS 1815;LA PAMPA;1993;Belgrano;Comuna 13
43;POINT (-58.3758189408287 -34.5965034956207);PERSONAJES;GALERIA EMBASSY;JUAN ANTONIO VAZQUEZ;ALTORELIEVE CON FIGURAS DE BRONCE;1965.0;4 X 2.50;ACCESOPOR M.T. DE ALVEAR;ALVEAR, MARCELO T. DE 626;MARCELO TORCUATO DE ALVEAR 626;ALVEAR, MARCELO T. De;636;Retiro;Comuna 1
44;POINT (-58.3758189408287 -34.5965034956207);PERSONAJES;GALERIA EMBASSY;JUAN ANTONIO VAZQUEZ;ALTORELIEVE CON FIGURAS DE BRONCE;1965.0;4 X 2.50;ACCESOPOR M.T. DE ALVEAR;ALVEAR, MARCELO T. DE 626;MARCELO TORCUATO DE ALVEAR 626;ALVEAR, MARCELO T. De;636;Retiro;Comuna 1
45;POINT (-58.3924764989853 -34.5831089038315);;FACULTAD DE DERECHO Y CIENCIAS SOCIALES;BENITO QUINQUELA MARTIN;ESMALTE SOBRE HIERRO;0.0;S/M;PILETA DE NATACION;FIGUEROA ALCORTA, PRES. AV. 2263;AV. FGUEROA ALCORTA 2263;FIGUEROA ALCORTA, PRES. AV.;2263;Recoleta;Comuna 2
46;POINT (-58.3941720635806 -34.5974348113392);CONSTRUCCION DE DESAGÜES;PODER JUDICIAL;BENITO QUINQUELA MARTIN;OLEO SOBRE HARDBOARD;1937.0;S/M;ESCALERAPRINCIPAL;ALVEAR, MARCELO T. DE 1864;MARCELO TORCUATO DE ALVEAR 1864;ALVEAR, MARCELO T. De;1851;Recoleta;Comuna 2
47;POINT (-58.4253355931423 -34.6580469222867);HOMENAJE A LOS TRABAJADORES DE LA EDUCACION;;CONTRALUZ MURAL (EX TALLER MURALISTA UTE);PINTURA MURAL;1998.0;S/M;FACHADA;RABANAL, FRANCISCO, INTENDENTE AV. y LUPPI, ABRAHAM J.;AV. CORONEL ROCA  Y A. J. LUPPI;RABANAL, FRANCISCO, INTENDENTE AV.;1957;Nueva Pompeya;Comuna 4
48;POINT (-58.4103470627356 -34.6040295111984);CARLOS GARDEL: ETERNO EN EL ALMA Y EN EL TIEMPO;LINEA B;LEON UNTROIB;FILETE;2000.0;S/M;VESTIBULO;CORRIENTES AV. y ANCHORENA, TOMAS MANUEL DE, DR.;ESTACION CARLOS GARDEL;CORRIENTES AV.;3200;Balvanera;Comuna 3
49;POINT (-58.4103470627356 -34.6040295111984);MI BUENOS AIRES QUERIDO;LINEA B;CARLOS PAEZ VILARO;MURAL CERAMICO;1998.0;S/M;VESTIBULO;CORRIENTES AV. y ANCHORENA, TOMAS MANUEL DE, DR.;ESTACION CARLOS GARDEL;CORRIENTES AV.;3200;Balvanera;Comuna 3
50;POINT (-58.4103470627356 -34.6040295111984);HOMENAJE A BUENOS AIRES;LINEA B;CARLOS PAEZ VILARO;MURAL CERAMICO;1998.0;S/M;VESTIBULO;CORRIENTES AV. y ANCHORENA, TOMAS MANUEL DE, DR.;ESTACION CARLOS GARDEL;CORRIENTES AV.;3200;Balvanera;Comuna 3
51;POINT (-58.4103470627356 -34.6040295111984);ABASTO;LINEA B;ANDRES COMPAGNUCCI;MURAL CERAMICO;2000.0;S/M;ANDEN NORTE;CORRIENTES AV. y ANCHORENA, TOMAS MANUEL DE, DR.;ESTACION CARLOS GARDEL;CORRIENTES AV.;3200;Balvanera;Comuna 3
52;POINT (-58.4103470627356 -34.6040295111984);GARDEL POR TRES;LINEA B;ANDRES COMPAGNUCCI;MURAL CERAMICO;2000.0;S/M;ANDEN SUR;CORRIENTES AV. y ANCHORENA, TOMAS MANUEL DE, DR.;ESTACION CARLOS GARDEL;CORRIENTES AV.;3200;Balvanera;Comuna 3
53;POINT (-58.4198492395214 -34.6557072594976);ALEGORIA AL PLUMERILLO;"ESC.TEC. 33, DE 19, FUND. M. DEL PLUMERILLO""""";LUIS ELVERA;OLEO SOBRE SOPORTE RIGIDO;1950.0;S/M;HALLCENTRAL;RABANAL, FRANCISCO, INTENDENTE AV. y MOM;AV. CNEL. ROCA 1549;RABANAL, FRANCISCO, INTENDENTE AV.;1485;Nueva Pompeya;Comuna 4
54;POINT (-58.4198492395214 -34.6557072594976);ALEGORIA A LA BANDERA;"ESC.TEC. 33, DE 19, FUND. M. DEL PLUMERILLO""""";LUIS ELVERA;OLEO SOBRE SOPORTE RIGIDO;1950.0;S/M;HALLCENTRAL;RABANAL, FRANCISCO, INTENDENTE AV. y MOM;AV. CNEL. ROCA 1549;RABANAL, FRANCISCO, INTENDENTE AV.;1485;Nueva Pompeya;Comuna 4
55;POINT (-58.4386216541914 -34.5442372882476);LA CIENCIA Y EL MITO;PABELLON 1 FAC. DE CIENCIAS EXACTAS;JUAN MANUEL SANCHEZ;PINTURA MURAL;1965.0;S/M;HALLPRIMER PISO;GUIRALDES, INT. 2800;CIUDAD UNIVERSITARIA;;;Belgrano;Comuna 13
56;POINT (-58.4386216541914 -34.5442372882476);LA ESPERA;PABELLON 1 FAC. DE CIENCIAS EXACTAS;MARIO MOLLARI;PINTURA MURAL;1965.0;S/M;PLANTA BAJA;GUIRALDES, INT. 2800;CIUDAD UNIVERSITARIA;;;Belgrano;Comuna 13
57;POINT (-58.3875556835503 -34.5884963453913);PERSONAJES;GALERIA ALVEAR;RAUL ALEJANDRO MONSEGUR;PINTURA AL OLEO S/ AGLOMERADO;1957.0;S/M;ACCESO;ALVEAR 1761;AV. ALVEAR 1761/77;ALVEAR;1759;Recoleta;Comuna 2
58;POINT (-58.4511284817341 -34.5817180808809);AMERICA, LIBERACION Y GRANDEZA;VIVIENDA MULTIFAMILIAR;CARLOS PFEIFFER, LILIANA FERRARI;ESGRAFIADO;1997.0;10 X 22;FONDO - MEDIANERA;CORDOBA 6551;AV. CORDOBA 6551;CORDOBA;6561;Chacarita;Comuna 15
59;POINT (-58.3819442158313 -34.6090882462242);GENTE DE BUENOS AIRES;PASAJE LIMA NORTE, LINEA A;HORACIO ALTUNA;MURAL CERAMICO;2002.0;S/M;PASAJE;LIMA y DE MAYO AV.;ESTACION LIMA;DE MAYO AV.;1051;Monserrat;Comuna 1
60;POINT (-58.3819442158313 -34.6090882462242);MUSICOS DE BUENOS AIRES: A JULIO DE CARO;PASAJE LIMA SUR, LINEA A;HERMENEGILDO SABAT;MURAL CERAMICO;2000.0;1.80 X 5;PASAJE;LIMA y DE MAYO AV.;ESTACION LIMA;DE MAYO AV.;1051;Monserrat;Comuna 1
61;POINT (-58.3819442158313 -34.6090882462242);MUSICOS DE BUENOS AIRES: A ASTOR PIAZZOLLA;PASAJE LIMA SUR, LINEA A;HERMENEGILDO SABAT;MURAL CERAMICO;2000.0;1.80 X 5;PASAJE;LIMA y DE MAYO AV.;ESTACION LIMA;DE MAYO AV.;1051;Monserrat;Comuna 1
62;POINT (-58.3819442158313 -34.6090882462242);MUSICOS DE BUENOS AIRES: A TROILO, MANZI, DISCEPOLO Y GARDEL;PASAJE LIMA SUR, LINEA A;HERMENEGILDO SABAT;MURAL CERAMICO;2000.0;1.80 X 5;PASAJE;LIMA y DE MAYO AV.;ESTACION LIMA;DE MAYO AV.;1051;Monserrat;Comuna 1
63;POINT (-58.4551766343333 -34.5873648404835);TITULO DESCONOCIDO;LINEA B;EMMA GARGIULO;MURAL CERAMICO;2000.0;S/M;ANDEN SUR;LACROZE, FEDERICO AV. y CORRIENTES AV.;ESTACION  FEDERICO LACROZE;CORRIENTES AV.;6891;Chacarita;Comuna 15
64;POINT (-58.4551766343333 -34.5873648404835);EL DESATINO;LINEA B;GUSTAVO GRÜNIG;MURAL CERAMICO;1991.0;S/M;ANDEN SUR;LACROZE, FEDERICO AV. y CORRIENTES AV.;ESTACION  FEDERICO LACROZE;CORRIENTES AV.;6891;Chacarita;Comuna 15
65;POINT (-58.4310710553305 -34.602163970664);FLORES DE MI PAIS;LINEA B;MARGARITA PAKSA;MURAL CERAMICO;1991.0;S/M;ANDEN SUR;CORRIENTES AV. y PANAMA;ESTACION ANGEL GALLARDO;CORRIENTES AV.;4653;Almagro;Comuna 5
66;POINT (-58.4310710553305 -34.602163970664);TITULO DESCONOCIDO;LINEA B;MARCIA SCHVARTZ;MURAL CERAMICO;1991.0;S/M;ANDEN SUR;CORRIENTES AV. y PANAMA;ESTACION ANGEL GALLARDO;CORRIENTES AV.;4653;Almagro;Comuna 5
67;POINT (-58.3922896566549 -34.6044352739253);TITULO DESCONOCIDO;LINEA B;DANIEL KAPLAN;MURAL CERAMICO;1991.0;S/M;ANDEN SUR;CORRIENTES AV. y CALLAO AV.;ESTACION CALLAO;CALLAO AV.;402;San Nicolas;Comuna 3
68;POINT (-58.3922896566549 -34.6044352739253);TITULO DESCONOCIDO;LINEA B;HECTOR MEANA;MURAL CERAMICO;1991.0;S/M;ANDEN SUR;CORRIENTES AV. y CALLAO AV.;ESTACION CALLAO;CALLAO AV.;402;San Nicolas;Comuna 3
69;POINT (-58.4475996605972 -34.5917024011505);TITULO DESCONOCIDO;LINEA B;ROBERTO SCAFIDI;MURAL CERAMICO;1991.0;S/M;ANDEN SUR;CORRIENTES AV. y DORREGO AV.;ESTACION DORREGO;CORRIENTES AV.;6195;Chacarita;Comuna 15
70;POINT (-58.4475996605972 -34.5917024011505);CANTO DE AMOR PARA AMERICA LATINA;LINEA B;J. CACERES;MURAL CERAMICO;1991.0;S/M;ANDEN SUR;CORRIENTES AV. y DORREGO AV.;ESTACION DORREGO;CORRIENTES AV.;6195;Chacarita;Comuna 15
71;POINT (-58.4475996605972 -34.5917024011505);A 3 NIÑAS ARGENTINAS INMOLADAS, GIMENA HERNANDEZ, NAHIR MOSTAFA Y MARIA SOLEDAD MORALES;LINEA B;MILDRED BURTON / PASSOLINI, SUNDBLAD;MURAL CERAMICO;1991.0;S/M;ANDEN NORTE;CORRIENTES AV. y DORREGO AV.;ESTACION DORREGO;CORRIENTES AV.;6195;Chacarita;Comuna 15
72;POINT (-58.4475996605972 -34.5917024011505);EL DUENDE ESTA EN CADA MOVIMIENTO DE NUESTRAS VIDAS;LINEA B;CAMBRE;MURAL CERAMICO;1991.0;S/M;ANDEN SUR;CORRIENTES AV. y DORREGO AV.;ESTACION DORREGO;CORRIENTES AV.;6195;Chacarita;Comuna 15
73;POINT (-58.3752203776742 -34.6033157495436);HOMENAJE A PATORUZU;LINEA B;MARIANO IMPOSTI INDART;MURAL CERAMICO;1998.0;S/M;ANDEN NORTE;CORRIENTES AV. y FLORIDA;ESTACION FLORIDA;FLORIDA;399;San Nicolas;Comuna 1
74;POINT (-58.4209566329801 -34.6031744162416);DURANTE LA CRIMINAL GUERRA DEL GOLFO;LINEA B;JUAN PABLO RENZI, COL.: ARTURO HOLZER;MURAL CERAMICO;1991.0;S/M;ANDEN SUR;CORRIENTES AV. y MEDRANO AV.;ESTACION MEDRANO;CORRIENTES AV.;3989;Almagro;Comuna 5
75;POINT (-58.4209566329801 -34.6031744162416);TITULO DESCONOCIDO;LINEA B;RICARDO ROUX;MURAL CERAMICO;1991.0;S/M;ANDEN NORTE;CORRIENTES AV. y MEDRANO AV.;ESTACION MEDRANO;CORRIENTES AV.;3989;Almagro;Comuna 5
76;POINT (-58.4054722274842 -34.6045629398499);LOS ELEMENTOS;LINEA B;JUAN DOFFO;MURAL CERAMICO;1991.0;S/M;ANDEN SUR;CORRIENTES AV. y PUEYRREDON AV.;ESTACION PUEYRREDON;CORRIENTES AV.;2794;Balvanera;Comuna 3
77;POINT (-58.3865258983824 -34.6039922699342);HOMENAJE A EL ETERNAUTA;LINEA B;FRANCISCO SOLANO LOPEZ / ALBERTO BRECCIA;MURAL CERAMICO;1991.0;S/M;ANDEN SUR;CORRIENTES AV. y URUGUAY;ESTACION URUGUAY;CORRIENTES AV.;1394;San Nicolas;Comuna 1
78;POINT (-58.3865258983824 -34.6039922699342);INODORO PEREYRA;LINEA B;ROBERTO FONTANARROSA;MURAL CERAMICO;1998.0;S/M;ANDEN NORTE;CORRIENTES AV. y URUGUAY;ESTACION URUGUAY;CORRIENTES AV.;1394;San Nicolas;Comuna 1
79;POINT (-58.3865258983824 -34.6039922699342);TITULO DESCONOCIDO;LINEA B;CRIST (CRISTOBAL REYNOSO);MURAL CERAMICO;1991.0;S/M;ANDEN NORTE;CORRIENTES AV. y URUGUAY;ESTACION URUGUAY;CORRIENTES AV.;1394;San Nicolas;Comuna 1
80;POINT (-58.3738538610708 -34.6032320077573);SUR;LINEA B;LUIS BENEDIT;MURAL CERAMICO;2000.0;S/M;ANDEN NORTE;CORRIENTES AV. y SAN MARTIN;ESTACION SAN MARTIN;SAN MARTIN;400;San Nicolas;Comuna 1
81;POINT (-58.3738538610708 -34.6032320077573);;LINEA B;LUIS FELIPE NOE;MURAL CERAMICO;2007.0;S/M;ANDEN SUR;CORRIENTES AV. y SAN MARTIN;ESTACION SAN MARTIN;SAN MARTIN;400;San Nicolas;Comuna 1
82;POINT (-58.3806856860316 -34.6090019063979);PAISAJES DE ESPAÑA: ACUEDUCTO ROMANO DE SEGOVIA;LINEA C;IGNACIO ZULOAGA Y ZABALETA;MURAL CERAMICO;1934.0;2 X 4.30;ANDEN OESTE;DE MAYO AV. e IRIGOYEN, BERNARDO DE;ESTACION  AV. DE MAYO;DE MAYO AV.;1001;Monserrat;Comuna 1
83;POINT (-58.3806856860316 -34.6090019063979);ALEGORIA ESPAÑA - ARGENTINA;LINEA C;FERNANDO ALVAREZ SOTOMAYOR;MURAL CERAMICO;1934.0;2 X 4.30;ANDEN ESTE;DE MAYO AV. e IRIGOYEN, BERNARDO DE;ESTACION  AV. DE MAYO;DE MAYO AV.;1001;Monserrat;Comuna 1
84;POINT (-58.3822338294185 -34.6269386571917);PA NUEVOS HORIZONTES;LINEA C;FLORENCIO MOLINA CAMPOS;MURAL CERAMICO;1999.0;S/M;ANDEN ESTE;LIMA y BRASIL;ESTACION CONSTITUCION;GARAY, JUAN DE AV.;1181;Constitucion;Comuna 1
85;POINT (-58.3822338294185 -34.6269386571917);BEYAQUIANDO JUERTE;LINEA C;FLORENCIO MOLINA CAMPOS;MURAL CERAMICO;1999.0;S/M;ANDEN ESTE;LIMA y BRASIL;ESTACION CONSTITUCION;GARAY, JUAN DE AV.;1181;Constitucion;Comuna 1
86;POINT (-58.3822338294185 -34.6269386571917);EJ DE LAJ ONCE Y SAIS;LINEA C;FLORENCIO MOLINA CAMPOS;MURAL CERAMICO;1999.0;S/M;ANDEN ESTE;LIMA y BRASIL;ESTACION CONSTITUCION;GARAY, JUAN DE AV.;1181;Constitucion;Comuna 1
87;POINT (-58.3793828981433 -34.60490701622);PAISAJES DE ESPAÑA: AVILA, TOLEDO, SORIA Y SEGOVIA;LINEA C;MARTIN S. NOEL - MANUEL ESCASANY;MURAL CERAMICO;1934.0;1.85 X 15.80;ANDEN NORTE;SAENZ PEÑA, ROQUE, PRES. DIAGONAL NORTE AV. y SUIPACHA;ESTACION DIAGONAL NORTE;SUIPACHA;280;San Nicolas;Comuna 1
88;POINT (-58.3793828981433 -34.60490701622);PAISAJES DE ESPAÑA:BURGOS, MADRID, ARANJUEZ, EL ESCORIAL Y MADRID, PUERTA DE ALCALA;LINEA C;MARTIN S. NOEL - MANUEL ESCASANY;MURAL CERAMICO;1934.0;1.85 X 15.80;ANDEN SUR;SAENZ PEÑA, ROQUE, PRES. DIAGONAL NORTE AV. y SUIPACHA;ESTACION DIAGONAL NORTE;SUIPACHA;280;San Nicolas;Comuna 1
89;POINT (-58.380278220071 -34.6176377278222);PAISAJES DE ESPAÑA: GRANADA, CORDOBA, RONDA, PALOS Y HUELVA;LINEA C;MARTIN S. NOEL - MANUEL ESCASANY;MURAL CERAMICO;1934.0;1.80 X 16.30;ANDEN OESTE;INDEPENDENCIA AV. e IRIGOYEN, BERNARDO DE;ESTACION INDEPENDENCIA;INDEPENDENCIA AV.;1031;Monserrat;Comuna 1
90;POINT (-58.380278220071 -34.6176377278222);PAISAJES DE ESPAÑA: SEVILLA;LINEA C;MARTIN S. NOEL - MANUEL ESCASANY;MURAL CERAMICO;1934.0;1.80 X 16.30;ANDEN ESTE;INDEPENDENCIA AV. e IRIGOYEN, BERNARDO DE;ESTACION INDEPENDENCIA;INDEPENDENCIA AV.;1031;Monserrat;Comuna 1
91;POINT (-58.3781185808387 -34.6023787793776);PAISAJES DE ESPAÑA:ALICANTE, VALENCIA, TERUEL, HUESCA, ZARAGOZA;LINEA C;MARTIN S. NOEL - MANUEL ESCASANY;MURAL CERAMICO;1934.0;1.80 X 16.30;ANDEN ESTE;ESMERALDA y LAVALLE;ESTACION LAVALLE;LAVALLE;795;San Nicolas;Comuna 1
92;POINT (-58.3781185808387 -34.6023787793776);PAISAJES DE ESPAÑA: LERIDA, TARRAGONA, BARCELONA Y MONSERRAT;LINEA C;MARTIN S. NOEL - MANUEL ESCASANY;MURAL CERAMICO;1934.0;1.80 X 16.30;ANDEN OESTE;ESMERALDA y LAVALLE;ESTACION LAVALLE;LAVALLE;795;San Nicolas;Comuna 1
93;POINT (-58.3805434484849 -34.6118318480969);PAISAJES DE ESPAÑA: BILBAO, SANTANDER, SAN SEBASTIAN, ALAVA Y NAVARRA;LINEA C;MARTIN S. NOEL - MANUEL ESCASANY;MURAL CERAMICO;1934.0;1.80 X 16.30;ANDEN OESTE;MORENO e IRIGOYEN, BERNARDO DE;ESTACION MARIANO MORENO;MORENO;989;Monserrat;Comuna 1
94;POINT (-58.3805434484849 -34.6118318480969);PAISAJES DE ESPAÑA: SANTIAGO, LUGO, ASTURIAS Y SANTANDER;LINEA C;MARTIN S. NOEL - MANUEL ESCASANY;MURAL CERAMICO;1934.0;1.80 X 16.30;ANDEN ESTE;MORENO e IRIGOYEN, BERNARDO DE;ESTACION MARIANO MORENO;MORENO;989;Monserrat;Comuna 1
95;POINT (-58.3749974795902 -34.5917907447074);LAS MASCARAS;LINEA C;FERNANDO ALLIEVI;MURAL CERAMICO;1999.0;S/M;ANDEN OESTE;RAMOS MEJIA, JOSE MARIA, DR. AV. 1350;ESTACION RETIRO;RAMOS MEJIA, JOSE MARIA, DR. AV.;1315;Retiro;Comuna 1
96;POINT (-58.3749974795902 -34.5917907447074);LAS PRIMERAS LUCES;LINEA C;FERNANDO ALLIEVI;MURAL CERAMICO;1999.0;S/M;ANDEN OESTE;RAMOS MEJIA, JOSE MARIA, DR. AV. 1350;ESTACION RETIRO;RAMOS MEJIA, JOSE MARIA, DR. AV.;1315;Retiro;Comuna 1
97;POINT (-58.3749974795902 -34.5917907447074);HISTORIA DEL SABADO;LINEA C;FERNANDO ALLIEVI;MURAL CERAMICO;1999.0;S/M;ANDEN OESTE;RAMOS MEJIA, JOSE MARIA, DR. AV. 1350;ESTACION RETIRO;RAMOS MEJIA, JOSE MARIA, DR. AV.;1315;Retiro;Comuna 1
98;POINT (-58.3800083822055 -34.6221361185225);PAISAJES DE ESPAÑA: LEVANTE, ALBACETE, MURCIA Y VALENCIA;LINEA C;MARTIN S. NOEL - MANUEL ESCASANY;MURAL CERAMICO;1934.0;1.80 X 16.10;ANDEN OESTE;SAN JUAN AV. e IRIGOYEN, BERNARDO DE;ESTACION SAN JUAN;IRIGOYEN, BERNARDO de;1206;Constitucion;Comuna 1
99;POINT (-58.3800083822055 -34.6221361185225);PAISAJES DE ESPAÑA:ZAMORA, SALAMANCA, LEON;LINEA C;MARTIN S. NOEL - MANUEL ESCASANY;MURAL CERAMICO;1934.0;1.80 X 16.10;ANDEN ESTE;SAN JUAN AV. e IRIGOYEN, BERNARDO DE;ESTACION SAN JUAN;IRIGOYEN, BERNARDO de;1206;Constitucion;Comuna 1
100;POINT (-58.3778824365519 -34.5952262395631);LA GESTA SANMARTINIANA;LINEA C;RODOLFO ROLANDO MEDINA;CEMENTO POLICROMADO;1969.0;1.00 X 6.00;ACCESO;SANTA FE AV. 782;ESTACION SAN MARTIN;SANTA FE AV.;780;Retiro;Comuna 1
101;POINT (-58.3778824365519 -34.5952262395631);LA GESTA SANMARTINIANA;LINEA C;RODOLFO ROLANDO MEDINA;CEMENTO POLICROMADO;1969.0;1.00 X 6.00;ACCESO;SANTA FE AV. 782;ESTACION SAN MARTIN;SANTA FE AV.;780;Retiro;Comuna 1
102;POINT (-58.3778824365519 -34.5952262395631);EL SUR;LINEA C;LUIS FERNANDO BENEDIT;MURAL CERAMICO;2000.0;S/M;ANDEN OESTE;SANTA FE AV. 782;ESTACION SAN MARTIN;SANTA FE AV.;780;Retiro;Comuna 1
103;POINT (-58.4071394061691 -34.5916730938199);CAMINO A CORDOBA DEL TUCUMAN;LINEA D;RODOLFO FRANCO;MURAL CERAMICO;1938.0;15.50 X 1.80;ANDEN NORTE;AGUERO y SANTA FE AV.;ESTACION  AGÜERO;SANTA FE AV.;2893;Recoleta;Comuna 2
104;POINT (-58.4071394061691 -34.5916730938199);LOS COLONIZADORES;LINEA D;RODOLFO FRANCO;MURAL CERAMICO;1938.0;15.50 X 1.80;ANDEN SUR;AGUERO y SANTA FE AV.;ESTACION  AGÜERO;SANTA FE AV.;2893;Recoleta;Comuna 2
105;POINT (-58.3809597377621 -34.6040356835675);LA LLEGADA DE LAS CARRETAS,FLORES,LA QUINTA Y EL RANCHO EN 1835, LUJAN, LOS CEREALES Y EL RIO DE LA PLATA EN 1936;LINEA D;ALFREDO GUIDO;MURAL CERAMICO;1936.0;1.80 X 15;ANDEN SUR;PELLEGRINI, CARLOS y SAENZ PEÑA, ROQUE, PRES. DIAGONAL NORTE AV.;ESTACION 9 DE JULIO;PELLEGRINI, CARLOS;381;San Nicolas;Comuna 1
106;POINT (-58.4115448943898 -34.5880729379583);LAS LEYENDAS DEL PAIS DE LA SELVA;LINEA D;ALFREDO GUIDO;MURAL CERAMICO;1938.0;1.80 X 15.50;ANDEN SUR;BULNES y SANTA FE AV.;ESTACION BULNES;SANTA FE AV.;3295;Palermo;Comuna 14
107;POINT (-58.4115448943898 -34.5880729379583);ARQUEOLOGIA DIAGUITA. LOS VALLES. TUCUMAN: LA ZAFRA Y LOS INGENIOS;LINEA D;ALFREDO GUIDO;MURAL CERAMICO;1938.0;1.80 X 15.50;ANDEN NORTE;BULNES y SANTA FE AV.;ESTACION BULNES;SANTA FE AV.;3295;Palermo;Comuna 14
108;POINT (-58.3735749827949 -34.6079395458698);TERTULIA EN LA ALAMEDA, BUENOS AIRES EN 1830;LINEA D;RODOLFO FRANCO, ALFREDO GUIDO;MURAL CERAMICO;1936.0;S/M;ANDEN SUR;SAN MARTIN y SAENZ PEÑA, ROQUE, PRES. DIAGONAL NORTE AV.;ESTACION CATEDRAL;RIVADAVIA AV.;524;Monserrat;Comuna 1
109;POINT (-58.3735749827949 -34.6079395458698);BUENOS AIRES EN 1936;LINEA D;RODOLFO FRANCO, ALFREDO GUIDO;MURAL CERAMICO;1936.0;S/M;ANDEN NORTE;SAN MARTIN y SAENZ PEÑA, ROQUE, PRES. DIAGONAL NORTE AV.;ESTACION CATEDRAL;RIVADAVIA AV.;524;Monserrat;Comuna 1
110;POINT (-58.3979375676208 -34.5999245529275);SANTA FE 1938: PUENTE SETUBAL, RIO PARANA, ROSARIO 1938;LINEA D;ALFREDO GUIDO;MURAL CERAMICO;1938.0;S/M;ANDEN NORTE;CORDOBA AV. 2150;ESTACION FACULTAD DE MEDICINA;CORDOBA AV.;2160;Balvanera;Comuna 3
111;POINT (-58.3979375676208 -34.5999245529275);ROSARIO 1836: LA POSTA, LA CHACRA, SANTA FE 1836;LINEA D;ALFREDO GUIDO;MURAL CERAMICO;1938.0;1.80 X 15.5;ANDEN SUR;CORDOBA AV. 2150;ESTACION FACULTAD DE MEDICINA;CORDOBA AV.;2160;Balvanera;Comuna 3
112;POINT (-58.4522885871096 -34.566108624629);EN EL JARDIN;LINEA D;RAUL SOLDI;MURAL CERAMICO;1997.0;5.22 X 2.72;ANDEN SUR;CABILDO AV. y PINO, VIRREY DEL;ESTACION JOSE HERNANDEZ;CABILDO AV.;1605;Belgrano;Comuna 13
113;POINT (-58.4522885871096 -34.566108624629);LOS AMANTES;LINEA D;RAUL SOLDI;MURAL CERAMICO;1997.0;5.22 X 2.72;ANDEN SUR;CABILDO AV. y PINO, VIRREY DEL;ESTACION JOSE HERNANDEZ;CABILDO AV.;1605;Belgrano;Comuna 13
114;POINT (-58.4522885871096 -34.566108624629);EL ENSAYO;LINEA D;RAUL SOLDI;MURAL CERAMICO;1991.0;5.22 X 2.72;ANDEN NORTE;CABILDO AV. y PINO, VIRREY DEL;ESTACION JOSE HERNANDEZ;CABILDO AV.;1605;Belgrano;Comuna 13
115;POINT (-58.4522885871096 -34.566108624629);LA MUSICA;LINEA D;RAUL SOLDI;MURAL CERAMICO;1991.0;5.22 X 2.72;ANDEN NORTE;CABILDO AV. y PINO, VIRREY DEL;ESTACION JOSE HERNANDEZ;CABILDO AV.;1605;Belgrano;Comuna 13
116;POINT (-58.4566942229765 -34.5620361085955);LAVANDERAS DEL BAJO BELGRANO;LINEA D;PRILIDIANO PUEYRREDON;MURAL CERAMICO;1861.0;2.00 X 1.80;VESTIBULO;CABILDO AV. y JURAMENTO AV.;ESTACION JURAMENTO;CABILDO AV.;2102;Belgrano;Comuna 13
117;POINT (-58.4566942229765 -34.5620361085955);CRUCERO ARA, GRAL. BELGRANO;LINEA D;JORGE F. SCHWARZ;MURAL CERAMICO;1998.0;4 X 2.50;ANDEN SUR;CABILDO AV. y JURAMENTO AV.;ESTACION JURAMENTO;CABILDO AV.;2102;Belgrano;Comuna 13
118;POINT (-58.4566942229765 -34.5620361085955);UN ALTO EN EL CAMINO;LINEA D;PRILIDIANO PUEYRREDON;MURAL CERAMICO;1865.0;4.00 X 2.00;VESTIBULO;CABILDO AV. y JURAMENTO AV.;ESTACION JURAMENTO;CABILDO AV.;2102;Belgrano;Comuna 13
119;POINT (-58.4566942229765 -34.5620361085955);LITOGRAFIAS DE BELGRANO;LINEA D;ANTONIO J. SPOTORNO;MURAL CERAMICO;1949.0;4.00 X 2.00;VESTIBULO;CABILDO AV. y JURAMENTO AV.;ESTACION JURAMENTO;CABILDO AV.;2102;Belgrano;Comuna 13
120;POINT (-58.4255736233708 -34.5782909485425);ALMERIA, ESPAÑA: LA ESPERA;LINEA D;RAFAEL CUENCA MUÑOZ;MURAL CERAMICO;1934.0;2.20 X 3.60;VESTIBULO;SANTA FE AV. 4635;ESTACION PALERMO;SANTA FE AV.;4635;Palermo;Comuna 14
121;POINT (-58.4252545646581 -34.5786634442563);LA DESCARGA DE LOS CONVOYES;LINEA D;BENITO QUINQUELA MARTIN;CEMENTO POLICROMADO;1939.0;4.23 X 6.35;PISO ANDEN ESTE;SANTA FE AV. y GODOY CRUZ;ESTACION PLAZA ITALIA;SANTA FE AV.;4601;Palermo;Comuna 14
122;POINT (-58.4252545646581 -34.5786634442563);LA VISITA DEL GOBERNADOR;LINEA D;LEONIE MATTHIS DE VILLAR;MURAL CERAMICO;1937.0;2.15 X 3.60;ANDEN OESTE;SANTA FE AV. y GODOY CRUZ;ESTACION PLAZA ITALIA;SANTA FE AV.;4601;Palermo;Comuna 14
123;POINT (-58.4252545646581 -34.5786634442563);CASAMIENTOS COLECTIVOS EN LA MISION SAN IGNACIO MINI;LINEA D;LEONIE MATTHIS DE VILLAR;MURAL CERAMICO;1937.0;2.15 X 3.60;ANDEN ESTE;SANTA FE AV. y GODOY CRUZ;ESTACION PLAZA ITALIA;SANTA FE AV.;4601;Palermo;Comuna 14
124;POINT (-58.4159536194659 -34.5851517186896);TAREAS CAMPESINAS;LINEA D;RODOLFO FRANCO;MURAL CERAMICO;1938.0;1.80 X 15.50;ANDEN NORTE;SANTA FE AV. y SCALABRINI ORTIZ, RAUL;ESTACION SCALABRINI ORTIZ;SANTA FE AV.;3701;Palermo;Comuna 14
125;POINT (-58.4159536194659 -34.5851517186896);EVOCACIONES DE SALTA;LINEA D;RODOLFO FRANCO;MURAL CERAMICO;1938.0;1.80 X 15.5;ANDEN SUR;SANTA FE AV. y SCALABRINI ORTIZ, RAUL;ESTACION SCALABRINI ORTIZ;SANTA FE AV.;3701;Palermo;Comuna 14
126;POINT (-58.3852800898675 -34.601581866654);GARAY Y MENDOZA;LINEA D;RODOLFO FRANCO;MURAL CERAMICO DEL TIMPANO;1937.0;2.70 X 10.30;SUBIDA LADO OESTE;TUCUMAN y TALCAHUANO;ESTACION TRIBUNALES;TALCAHUANO;610;San Nicolas;Comuna 1
127;POINT (-58.3852800898675 -34.601581866654);AMERICA Y ESPAÑA;LINEA D;RODOLFO FRANCO;MURAL CERAMICO DEL TIMPANO;1937.0;2.70 X 10.30;SUBIDA LADO ESTE;TUCUMAN y TALCAHUANO;ESTACION TRIBUNALES;TALCAHUANO;610;San Nicolas;Comuna 1
128;POINT (-58.444111974782 -34.5703329122806);PLAZA DE VERANO;LINEA D;JOSEFINA ROBIROSA;MURAL CERAMICO;2004.0;S/M;;OLLEROS y CABILDO AV.;ESTACION OLLEROS;CABILDO AV.;714;Palermo;Comuna 13
129;POINT (-58.444111974782 -34.5703329122806);PLAZA DE INVIERNO;LINEA D;JOSEFINA ROBIROSA;MURAL CERAMICO;2004.0;S/M;;OLLEROS y CABILDO AV.;ESTACION OLLEROS;CABILDO AV.;714;Palermo;Comuna 13
130;POINT (-58.4088779351152 -34.6245995553441);LA BATALLA DE CASEROS;LINEA E;LEONIE MATTHIS DE VILLAR;MURAL CERAMICO;1938.0;1.80 X 15.50;ANDEN NORTE;URQUIZA, GRAL. y SAN JUAN AV.;ESTACION  URQUIZA;SAN JUAN AV.;3102;San Cristobal;Comuna 3
131;POINT (-58.4088779351152 -34.6245995553441);LA ENTRADA TRIUNFAL DEL GRAL. URQUIZA EN BUENOS AIRES;LINEA E;LEONIE MATTHIS DE VILLAR;MURAL CERAMICO;1938.0;1.80 X 15.50;ANDEN SUR;URQUIZA, GRAL. y SAN JUAN AV.;ESTACION  URQUIZA;SAN JUAN AV.;3102;San Cristobal;Comuna 3
132;POINT (-58.4161013865098 -34.6254362356031);NIÑOS JUGANDO;LINEA E;PRIMALDO MONACO;MURAL CERAMICO DEL TIMPANO;1959.0;11.10 X 3.90;TIMPANO ESTE;SAN JUAN AV. y BOEDO AV.;ESTACION BOEDO;SAN JUAN AV.;3594;Boedo;Comuna 5
133;POINT (-58.4161013865098 -34.6254362356031);BOEDO A MEDIADOS DEL SIGLO XIX;LINEA E;ALFREDO GUIDO;MURAL CERAMICO;1959.0;12.30 X 3.75;TIMPANO OESTE;SAN JUAN AV. y BOEDO AV.;ESTACION BOEDO;SAN JUAN AV.;3594;Boedo;Comuna 5
134;POINT (-58.3914917090478 -34.6227325805727);LA CONQUISTA DEL DESIERTO;LINEA E;ANTONIO ORTIZ ECHAGÜE;MURAL CERAMICO;1939.0;15.50 X 1.80;ANDEN NORTE;ENTRE RIOS AV. y SAN JUAN AV.;ESTACION ENTRE RIOS;ENTRE RIOS AV.;1192;Constitucion;Comuna 3
135;POINT (-58.3914917090478 -34.6227325805727);FUNDACION DE PUEBLOS EN LA PAMPA;LINEA E;ANTONIO ORTIZ ECHAGÜE;MURAL CERAMICO;1939.0;15.50 X 1.80;ANDEN SUR;ENTRE RIOS AV. y SAN JUAN AV.;ESTACION ENTRE RIOS;ENTRE RIOS AV.;1192;Constitucion;Comuna 3
136;POINT (-58.4021731621171 -34.6237792577884);JUJUY: LAS RIQUEZAS NATURALES;LINEA E;ALEJANDRO SIRIO;MURAL CERAMICO;1939.0;15.50 X 1.80;ANDEN NORTE;JUJUY AV. y SAN JUAN AV.;ESTACION JUJUY;SAN JUAN AV.;2702;San Cristobal;Comuna 3
137;POINT (-58.4021731621171 -34.6237792577884);JUJUY: LOS GAUCHOS NORTEÑOS;LINEA E;ALEJANDRO SIRIO;MURAL CERAMICO;1939.0;15.50 X 1.81;ANDEN SUR;JUJUY AV. y SAN JUAN AV.;ESTACION JUJUY;SAN JUAN AV.;2702;San Cristobal;Comuna 3
138;POINT (-58.3858332518008 -34.6223900299798);LOS LAGOS DEL SUR;LINEA E;OTTO DURA;MURAL CERAMICO;1939.0;1.80 X 15.50;ANDEN SUR;SAN JOSE y SAN JUAN AV.;ESTACION SAN JOSE;SAN JUAN AV.;1394;Constitucion;Comuna 1
139;POINT (-58.3858332518008 -34.6223900299798);LAS CATARATAS DEL IGUAZU;LINEA E;OTTO DURA;MURAL CERAMICO;1939.0;15.50 X 1.80;ANDEN NORTE;SAN JOSE y SAN JUAN AV.;ESTACION SAN JOSE;SAN JUAN AV.;1394;Constitucion;Comuna 1
140;POINT (-58.4504395507567 -34.6368945969311);;LINEA E;SANTIAGO GARCIA SAENZ;MURAL CERAMICO;2001.0;S/M;;PUMACAHUA y PERON, EVA AV.;ESTACION MEDALLA MILAGROSA;PERON, EVA AV.;2002;Parque Chacabuco;Comuna 7
141;POINT (-58.4504395507567 -34.6368945969311);;LINEA E;SANTIAGO GARCIA SAENZ;MURAL CERAMICO;2001.0;S/M;;PUMACAHUA y PERON, EVA AV.;ESTACION MEDALLA MILAGROSA;PERON, EVA AV.;2002;Parque Chacabuco;Comuna 7
142;POINT (-58.3606751590047 -34.6388602918762);CREPUSCULO;TEATRO DE LA RIBERA;BENITO QUINQUELA MARTIN;OLEO S/ HARBOARD;1968.0;4 X 4;HALLPRIMER PISO;DON PEDRO DE MENDOZA AV. 1821;AV. PEDRO DE MENDOZA 1821;DON PEDRO DE MENDOZA AV.;1819;Boca;Comuna 4
143;POINT (-58.380162765162 -34.6390869069183);PROYECTO LANIN;ENTRE AV.SUAREZ Y VIAS DEL ROCA;MARINO SANTA MARIA;PINTURA MURAL;2000.0;S/M;FACHADA;LANIN 30;CALLE LANIN;LANIN;8;Barracas;Comuna 4
144;POINT (-58.377812987123 -34.6082103390782);ESCULTURA MURAL;PLAZA ROBERTO ARLT;ALBERTO CEDRON;TECNICA MIXTA;1971.0;S/M;S/ MURO ESMERALDA;ESMERALDA y RIVADAVIA AV.;ESMERALDA Y RIVADAVIA;RIVADAVIA AV.;815;Monserrat;Comuna 1
145;POINT (-58.3809500542557 -34.6279768063076);HISTORIA DEL FERROCARRIL;ESTACION CONSTITUCION, FCG ROCA;GERARDO CIANCIOLO;PINTURA MURAL;2000.0;120 X 3;ANDEN 14;BRASIL 1138;AV. BRASIL 1138, GRAL. HORNOS 11;BRASIL;1103;Constitucion;Comuna 1
146;POINT (-58.3744426813242 -34.6172519220776);CARNAVAL DE ANTAÑO;EDIFICIO DE VIVIENDAS;REATO / LEDESMA / CAVERI / ROJAS;PINTURA MURAL;1990.0;20 X 13;MURO EXTERIOR;INDEPENDENCIA AV. y PERU;AV. INDEPENDENCIA 501,ESQ. PERU;PERU;795;San Telmo;Comuna 1
147;POINT (-58.4298521724874 -34.5819742885069);HACHADORES;MUROS DEL FCG SAN MARTIN;ALFREDO SEGATORI (PELADO);PINTURA MURALEN AEROSOL;1999.0;IRREGULAR;S/ LINEA OFICIAL DE EDIFICACION;JUSTO, JUAN B. AV. 1000;AV. JUAN B. JUSTO AL 1000;JUSTO, JUAN B. AV.;991;Palermo;Comuna 14
148;POINT (-58.3571361615851 -34.6380998118653);HOMENAJE A NUESTROS HERMANOS NATIVOS DE AMERICA;CUARTEL DE BOMBEROS;ANDRES BESTARD Y COLABORADORES;MURAL ESGRAFIADO;1978.0;18 X 6;FACHADA;DON PEDRO DE MENDOZA AV. 1600;AV. PEDRO DE MENDOZA AL 1600;BROWN, ALTE. AV.;1487;Boca;Comuna 4
149;POINT (-58.3830833402919 -34.5922739206114);TROMPE ´L OEIL;PLAZA CATALUÑA;B.J.F.C.;PINTURA MURAL;1996.0;S/M;MED. EMBAJADA DE FRANCIA;CERRITO 1350;CERRITO AL 1300;CERRITO;1350;Retiro;Comuna 1
150;POINT (-58.3935822466961 -34.6242283173917);PATORUZU E ISIDORO;PLAZA FRANCISCO CANARO;DANTE QUINTERNO;;2000.0;S/M;;COCHABAMBA y SARANDI;COCHABAMBA E/ COMBATE DE LOS POZOS Y SARANDI;SARANDI;1323;San Cristobal;Comuna 3
151;POINT (-58.3617110485423 -34.6391653461486);DON BENITO QUINQUELA MARTIN;;VINCENT WALTER;RELIEVE EN CEMENTO PATINADO;1990.0;1.50 X 2.50;FACHADA;VALLE IBERLUCEA DEL, DR. 1282;DR. ENRIQUE DEL VALLE IBARLUCEA 1282;DON PEDRO DE MENDOZA AV.;1887;Boca;Comuna 4
152;POINT (-58.3701951082343 -34.6089872776541);PRIMER TRUEQUE;MINISTERIO DE ECONOMIA;JORGE SOTO ACEBAL;OLEO S/ TELA;1939.0;3.40 X 2.76;HALL;YRIGOYEN, HIPOLITO AV. 250;HIPOLITO YRIGOYEN 250 / BALCARCE 139;YRIGOYEN, HIPOLITO AV.;250;Monserrat;Comuna 1
153;POINT (-58.3701951082343 -34.6089872776541);PRINCIPIOS DE LA CORRIENTE INMIGRATORIA;MINISTERIO DE ECONOMIA;JORGE SOTO ACEBAL;OLEO S/ TELA;1939.0;3.40 X 2.76;HALL;YRIGOYEN, HIPOLITO AV. 250;HIPOLITO YRIGOYEN 250 / BALCARCE 139;YRIGOYEN, HIPOLITO AV.;250;Monserrat;Comuna 1
154;POINT (-58.3701951082343 -34.6089872776541);LA COSECHA;MINISTERIO DE ECONOMIA;RAUL MAZZA;ÖLEO S/TELA;1939.0;1.67 X 2.77;OF 1220;YRIGOYEN, HIPOLITO AV. 250;HIPOLITO YRIGOYEN 250 / BALCARCE 139;YRIGOYEN, HIPOLITO AV.;250;Monserrat;Comuna 1
155;POINT (-58.3701951082343 -34.6089872776541);PUERTOS ARGENTINOS;MINISTERIO DE ECONOMIA;GASTON JARRY;OLEO S/ TELA;1939.0;2.34 X 2.78;OF 528;YRIGOYEN, HIPOLITO AV. 250;HIPOLITO YRIGOYEN 250 / BALCARCE 139;YRIGOYEN, HIPOLITO AV.;250;Monserrat;Comuna 1
156;POINT (-58.3701951082343 -34.6089872776541);VENDIMIA;MINISTERIO DE ECONOMIA;ANTONIO RAMON PIBERNAT;OLEO S/ TELA;1939.0;2.34 X 2.77;OF 511;YRIGOYEN, HIPOLITO AV. 250;HIPOLITO YRIGOYEN 250 / BALCARCE 139;YRIGOYEN, HIPOLITO AV.;250;Monserrat;Comuna 1
157;POINT (-58.3701951082343 -34.6089872776541);ASERRADERO;MINISTERIO DE ECONOMIA;EMILIO CENTURION;OLEO S/ TELA;1939.0;1.67 X 2.78;SALON DE CUADROS;YRIGOYEN, HIPOLITO AV. 250;HIPOLITO YRIGOYEN 250 / BALCARCE 139;YRIGOYEN, HIPOLITO AV.;250;Monserrat;Comuna 1
158;POINT (-58.3701951082343 -34.6089872776541);NATIVOS NORTEÑOS EN MERCADO REGIONAL;MINISTERIO DE ECONOMIA;ADOLFO MONTERO;OLEO S/ TELA;1939.0;1.68 X 2.78;OF 820;YRIGOYEN, HIPOLITO AV. 250;HIPOLITO YRIGOYEN 250 / BALCARCE 139;YRIGOYEN, HIPOLITO AV.;250;Monserrat;Comuna 1
159;POINT (-58.3701951082343 -34.6089872776541);ASERRADERO;MINISTERIO DE ECONOMIA;ERNESTO RICCIO;OLEO S/ TELA;1939.0;1.67 X 2.77;OF 513;YRIGOYEN, HIPOLITO AV. 250;HIPOLITO YRIGOYEN 250 / BALCARCE 139;YRIGOYEN, HIPOLITO AV.;250;Monserrat;Comuna 1
160;POINT (-58.3701951082343 -34.6089872776541);RIQUEZAS ARGENTINAS;MINISTERIO DE ECONOMIA;ANTONIO ALICE;OLEO S/ TELA;1939.0;2.32 X 3.52;HALL6 PISO;YRIGOYEN, HIPOLITO AV. 250;HIPOLITO YRIGOYEN 250 / BALCARCE 139;YRIGOYEN, HIPOLITO AV.;250;Monserrat;Comuna 1
161;POINT (-58.3701951082343 -34.6089872776541);NATIVOS OFRECIENDO RIQUEZAS;MINISTERIO DE ECONOMIA;EDELMIRO LESCANO CEBALLOS;OLEO S/ TELA;1939.0;1.67 X 2.77;OF 1020;YRIGOYEN, HIPOLITO AV. 250;HIPOLITO YRIGOYEN 250 / BALCARCE 139;YRIGOYEN, HIPOLITO AV.;250;Monserrat;Comuna 1
162;POINT (-58.3701951082343 -34.6089872776541);LA SEGADORA;MINISTERIO DE ECONOMIA;PAULINA BLINDER;OLEO S/ TELA;1939.0;.67 X .50;OF 606;YRIGOYEN, HIPOLITO AV. 250;HIPOLITO YRIGOYEN 250 / BALCARCE 139;YRIGOYEN, HIPOLITO AV.;250;Monserrat;Comuna 1
163;POINT (-58.3763716876341 -34.6087019330975);DIA DE TRABAJO EN LA BOCA;BANCO HBSC;BENITPO QUINQUELA MARTIN;OLEO SOBRE MADERA;1962.0;S/M;HALL;DE MAYO AV. y CHACABUCO;AV. DE MAYO 501 ESQ CHACABUCO 17;CHACABUCO;52;Monserrat;Comuna 1
164;POINT (-58.39259561619 -34.6019859788565);;SAN SALVADOR;NAZARENO ORLANDI;FRESCO;0.0;S/M;BOVEDA NAVECENTRAL;CALLAO AV. y TUCUMAN;AV. CALLAO 540 ESQUINA TUCUMAN;TUCUMAN;1785;Balvanera;Comuna 3
165;POINT (-58.3772948008078 -34.6479612838432);TITULO DESCONOCIDO;CENTRAL PARK, EX FABRIL FINANCIERA;PEREZ CELIS;PINTURA MURAL;1999.0;S/M;FACHADA;CALIFORNIA 2084;CALIFORNIA 2084/94;VIEYTES;1309;Barracas;Comuna 4
166;POINT (-58.3598648394233 -34.6387874339039);TITULO DESCONOCIDO;ENET Ns31 DE ARTES GRAFICAS;BENITO QUINQUELA MARTIN;ESMALTE A FUEGO S/ PLANCHAS DE HIERRO;1949.0;S/M;PATIO;DON PEDRO DE MENDOZA AV. 1777;AV. PEDRO DE MENDOZA 1777, LAMADRID 576;DON PEDRO DE MENDOZA AV.;1777;Boca;Comuna 4
167;POINT (-58.3603025791975 -34.638981239287);OBREROS EN ACTIVIDAD;"JARDIN MATERNAL BENITO QUINQUELA MARTIN""""";BENITO QUINQUELA MARTIN;ESMALTE A FUEGO S/ PLANCHAS DE HIERRO;1946.0;S/M;PATIO;DON PEDRO DE MENDOZA AV. y PALOS;AV. PEDRO DE MENDOZA 1801, ESQ. PALOS;DON PEDRO DE MENDOZA AV.;1791;Boca;Comuna 4
168;POINT (-58.4033260730701 -34.6099736001507);SALUD, PAZ Y DEMOCRACIA;DIRECCION DE SANIDAD ESCOLAR;MONICA CORRALES;ESGRAFIADO;1988.0;S/M;FACHADA;SAAVEDRA y RIVADAVIA AV.;SAAVEDRA 15 ESQ. AV. RIVADAVIA;RIVADAVIA AV.;2594;Balvanera;Comuna 3
169;POINT (-58.3721038503197 -34.6348325691755);HOMENAJE A 30 AÑOS DE LA NOCHE DE LOS LAPICES;ESC. DE BELLAS ARTES MANUEL BELGRANO;JULIAN CRIGNA Y PABLO LOPEZ;XILOGRABADO Y PINTURA MURAL;2007.0;S/M;SEGUNDO PISO;VILLAFAÑE, WENCESLAO y AZARA;WENCESLAO VILLAFAÑE 1342 ESQ. AZARA;AZARA;295;Barracas;Comuna 4
170;POINT (-58.3720573464766 -34.6101452813746);LA FARMACIA, LA SALUD Y LA ENFERMEDAD;FARMACIA LA ESTRELLA;CARLOS BARBERIS;PINTURA MURAL;1900.0;3 X 3.14;CIELORRASO;ALSINA, ADOLFO y DEFENSA;ADOLFO ALSINA 416, ESQ. DEFENSA;DEFENSA;190;Monserrat;Comuna 1
171;POINT (-58.3763716876341 -34.6087019330975);DIA DE TRABAJO EN LA BOCA;BANCO HSBC;BENITO QUINQUELA MARTIN;OLEO SOBRE MADERA;1962.0;S/M;HALL;DE MAYO AV. y CHACABUCO;AV. DE MAYO 701 ESQ CHACABUCO 15;CHACABUCO;52;Monserrat;Comuna 1
172;POINT (-58.3764388041551 -34.6112409497923);HISTORIA DEL MURO DE BERLIN;LIBRERIA DEL MURO, EDIT. PERFIL;EX BLOQUES DEL MURO DE BERLIN;PINTURA EN AEROSOL;1992.0;S/M;HALL;CHACABUCO 271;CHACABUCO  271 / 285;CHACABUCO;253;Monserrat;Comuna 1
173;POINT (-58.4057351714492 -34.5811662365448);EL NACIMIENTO DE EVA;CLINICA JURI;MARIANO PAGES;RELIEVE EN MARMOL;1967.0;S/M;HALL;CERVIÑO AV. 3261;CERVIÑO 3261/ 67;CERVI\u00d1O AV.;3251;Palermo;Comuna 14
174;POINT (-58.3781804024144 -34.6012196503653);HOMENAJE A GUAMAN POMA DE AYALA;GALERIA DEL CENTRO;LUIS SEOANE;MURAL CERAMICO Y FIGURAS EN HIERRO;1958.0;S/M;ESPACIO CENTRAL;ESMERALDA y TUCUMAN;ESMERALDA 561/ TUCUMAN 764;TUCUMAN;792;San Nicolas;Comuna 1
175;POINT (-58.3881187588582 -34.5883572389417);MUJER Y PALOMA;VIVIENDA MULTIFAMILIAR;JULIO GERO;RELIEVE;1950.0;S/M;FACHADA;ALVEAR AV. y CALLAO AV.;AV. ALVEAR 1800 Y AV. CALLAO;ALVEAR;1800;Recoleta;Comuna 2
176;POINT (-58.4010587233569 -34.6044996592793);TITULO DESCONOCIDO;OFICINAS;AUTOR DESCONOCIDO;MURAL CERAMICO;1970.0;S/M;FACHADA;CORRIENTES AV. 2415;AV. CORRIENTES 2415/25;CORRIENTES AV.;2407;Balvanera;Comuna 3
177;POINT (-58.4539470585514 -34.5618471221023);FIESTA EN EL BARRIO CHINO;VIVIENDA MULTIFAMILIAR;EDUARDO ALONSO CASELLAS;PINTURA MURAL;1980.0;S/M;HALL;ECHEVERRIA y CUBA;ECHEVERRIA 2210 ESQUINA CUBA;CUBA;1997;Belgrano;Comuna 13
178;POINT (-58.3782751425435 -34.595419974849);LAS PESCADORAS;VIVIENDA MULTIFAMILIAR;LUIS SEOANE;CONCRETO/RESINAS/METAL;1934.0;S/M;HALL;ESMERALDA 1075;ESMERALDA 1075 / 77;ESMERALDA;1089;Retiro;Comuna 1
179;POINT (-58.3782751425435 -34.595419974849);ESCENAS CAMPESINAS;VIVIENDA MULTIFAMILIAR;LUIS SEOANE;VITRAUX;1934.0;S/M;HALL;ESMERALDA 1075;ESMERALDA 1075 / 77;ESMERALDA;1089;Retiro;Comuna 1
180;POINT (-58.3701951082343 -34.6089872776541);LA PESCA;MINISTERIO DE ECONOMIA;GREGORIO LOPEZ NAGUIL;OLEO S/ TELA;1939.0;4.85 X 4.00;HALL;YRIGOYEN, HIPOLITO AV. 250;HIPOLITO YRIGOYEN 250 / BALCARCE 139;YRIGOYEN, HIPOLITO AV.;250;Monserrat;Comuna 1
181;POINT (-58.3701951082343 -34.6089872776541);TIERRA DE PROMISION;MINISTERIO DE ECONOMIA;CESAREO BERNALDO DE QUIROS;OLEO S/ TELA;1939.0;4.85 X 4.00;HALL;YRIGOYEN, HIPOLITO AV. 250;HIPOLITO YRIGOYEN 250 / BALCARCE 139;YRIGOYEN, HIPOLITO AV.;250;Monserrat;Comuna 1
182;POINT (-58.3708024895391 -34.5907068739264);;EDIFICIO DE TRIBUNALES;ATILIO BOVERI;PINTURA S/ VIDRIO;0.0;S/M;;PY, COMODORO AV. y ANTARTIDA ARGENTINA AV.;COMODORO PY 2002 Y AV. ANTARTIDA ARGENTINA;;;Retiro;Comuna 1
183;POINT (-58.381388949827 -34.6122069769358);EN PLENA ACTIVIDAD;MINISTERIO DE SALUD;BENITO QUINQUELA MARTIN;PINTURA MURAL;1938.0;S/M;DESPACHO MINISTERIAL;9 DE JULIO AV. 1925;AV. 9 DE JUKIO 1925;9 DE JULIO AV.;1925;Monserrat;Comuna 1
184;POINT (-58.3978889807245 -34.5846225839475);A LA BIBLIOTECA NACIONAL;BIBLIOTECA NACIONAL;CARLOS PAEZ VILARO;PINTURA MURAL;1998.0;S/M;HALLPRIMER PISO;AGUERO 2502;AGÜERO 2502;AGUERO;2473;Recoleta;Comuna 2
185;POINT (-58.3788463016016 -34.593920553009);AMERICA Y LA FORTUNA;PALACIO SAN MARTIN;MARCELLE RONDENAY;MAROUFLAGE (OLEO SOBRE TELA PEGADO AL CIELORRASO);1910.0;S/M;CIELORRASO SALON DORADO;ARENALES 819;ARENALES 819;ESMERALDA;1212;Retiro;Comuna 1
186;POINT (-58.3776514608038 -34.5954265533686);;CIRCULO MILITAR, EX PALACIO PAZ;;VITRAUX;1912.0;16 X 3.14;CUPULA DEL GRAN HALLDE HONOR;SANTA FE AV. 750;AV. SANTA FE 750;SANTA FE AV.;760;Retiro;Comuna 1
187;POINT (-58.368983122084 -34.5840029596311);DIA DE TRABAJO;TERMINAL DE CRUCEROS;BENITO QUINQUELA MARTIN;OLEO S/ SOPORTE RIGIDO;1930.0;18 X 3.20;;DE LOS INMIGRANTES AV. y CASTILLO, RAMON S., PRES. AV.;AV.DE LOS INMIGRANTES Y AV.PTE. CASTILLO;DE LOS INMIGRANTES AV.;2580;Retiro;Comuna 1
188;POINT (-58.3998606259969 -34.5827789129735);ACTIVIDADES DEL PAIS;AUTOMOVIL CLUB ARGENTINO;EMILIO CENTURION / DANTE ORTOLANI;FRESCO;1942.0;S/M;SALON DE ACTOS;DEL LIBERTADOR AV. 1850;AV.DEL LIBERTADOR 1850;DEL LIBERTADOR AV.;1850;Palermo;Comuna 14
189;POINT (-58.3998606259969 -34.5827789129735);LA PANAMERICANA;AUTOMOVIL CLUB ARGENTINO;ALFREDO GUIDO;FRESCO;1942.0;S/M;SALON DE TURISMO;DEL LIBERTADOR AV. 1850;AV.DEL LIBERTADOR 1850;DEL LIBERTADOR AV.;1850;Palermo;Comuna 14
190;POINT (-58.3998606259969 -34.5827789129735);LAS ESTACIONES DE SERVICIO;AUTOMOVIL CLUB ARGENTINO;HECTOR BASALDUA;FRESCO;1942.0;S/M;HALL8s PISO;DEL LIBERTADOR AV. 1850;AV.DEL LIBERTADOR 1850;DEL LIBERTADOR AV.;1850;Palermo;Comuna 14
191;POINT (-58.3998606259969 -34.5827789129735);UN ALTO EN LA RUTA;AUTOMOVIL CLUB ARGENTINO;MERCEDES RODRIGUE / JORGE SOTO ACEBAL;FRESCO;1942.0;S/M;SALON COMEDOR, 9s PISO;DEL LIBERTADOR AV. 1850;AV.DEL LIBERTADOR 1850;DEL LIBERTADOR AV.;1850;Palermo;Comuna 14
192;POINT (-58.3756186129716 -34.6066679172304);RELIEVE;PODER JUDICIAL DE LA NACION;JUAN CARLOS MIRAGLIA;RELIEVE ESCULTORICO;0.0;S/M;PRIMER PISO;SAENZ PEÑA, ROQUE, PRES. DIAGONAL NORTE AV. 615;AV. DIAGONAL NORTE ROQUE SAENZ PEÑA 615;SAENZ PE\u00d1A, ROQUE, PRES. AV.;637;San Nicolas;Comuna 1
193;POINT (-58.3773407131398 -34.6057653960264);ALEGORIA;EX EDIFICIO DE YPF;ALBERTO LAGOS;RELIEVE;1938.0;S/M;HALLDE ACCESO;SAENZ PEÑA, ROQUE, PRES. DIAGONAL NORTE AV. 777;AV. DIAGONAL NORTE ROQUE SAENZ PEÑA 777;SAENZ PE\u00d1A, ROQUE, PRES. AV.;765;San Nicolas;Comuna 1
194;POINT (-58.3806290714001 -34.605930898329);TITULO DESCONOCIDO;GOB. C.BS. AS., EX MERCADO DEL PLATA;JUAN ANTONIO VAZQUEZ;MURAL CERAMICO;1963.0;10 X 6;HALLDE ACCESO;PELLEGRINI, CARLOS 211;CARLOS PELLEGRINI 211;PERON, JUAN DOMINGO, TTE. GENERAL;981;San Nicolas;Comuna 1
195;POINT (-58.3806774197147 -34.6050468215824);TITULO DESCONOCIDO;GOB. C.BS. AS., EX MERCADO DEL PLATA;JUAN ANTONIO VAZQUEZ;MURAL CERAMICO;1963.0;10 X 6;HALLDE ACCESO;PELLEGRINI, CARLOS 291;CARLOS PELLEGRINI 291;SARMIENTO;980;San Nicolas;Comuna 1
196;POINT (-58.4806549548568 -34.5833252590378);MITOLOGIA PORTEÑA, PARQUE CHAS;CLUB SOCIAL EL TREBOL;PEDRO GAETA;PINTURA MURAL;1989.0;S/M;INTERIOR;GANDARA 2840;GANDARA 2840;DUBLIN;4207;Parque Chas;Comuna 15
197;POINT (-58.387882896538 -34.6189938134868);TRABAJO, SOLIDARIDAD Y LUCHA;SINDICATO DE LOS OBREROS DE LA ALIMENTACION;RICARDO CARPANI;PINTURA MURAL;1966.0;S/M;SALON DE ACTOS;ESTADOS UNIDOS 1532;ESTADOS UNIDOS 1532;ESTADOS UNIDOS;1532;Constitucion;Comuna 1
198;POINT (-58.387882896538 -34.6189938134868);CONCIENCIA;SINDICATO DE LOS OBREROS DE LA ALIMENTACION;RICARDO CARPANI;PINTURA MURAL;1974.0;S/M;SALON DE ACTOS;ESTADOS UNIDOS 1532;ESTADOS UNIDOS 1532;ESTADOS UNIDOS;1532;Constitucion;Comuna 1
199;POINT (-58.387882896538 -34.6189938134868);TRABAJADORES;SINDICATO DE LOS OBREROS DE LA ALIMENTACION;PASCUAL DI BIANCO;PINTURA MURAL;1966.0;S/M;SALON DE ACTOS;ESTADOS UNIDOS 1532;ESTADOS UNIDOS 1532;ESTADOS UNIDOS;1532;Constitucion;Comuna 1
200;POINT (-58.3694280313247 -34.6041138828798);LAS COMUNICACIONES MODERNAS;CORREO CENTRAL;AMADEO DELL'ACQUA;OLEO SOBRE MADERA TERCIADA;1945.0;2 X 6;SALA DE CORREO;SARMIENTO 151;SARMIENTO 151;SARMIENTO;111;San Nicolas;Comuna 1
201;POINT (-58.3694280313247 -34.6041138828798);LAS COMUNICACIONES MARITIMAS DE LA PRIMERA EPOCA;CORREO CENTRAL;AMADEO DELL'ACQUA;OLEO SOBRE MADERA TERCIADA;1945.0;2 X 6;SALA DE CORREO;SARMIENTO 151;SARMIENTO 151;SARMIENTO;111;San Nicolas;Comuna 1
202;POINT (-58.3773076237139 -34.6009831857811);DIRIGENTES EN ASAMBLEA;SINDICATO DEL VESTIDO;PASCUAL DI BIANCO;PINTURA MURAL;1964.0;5.50 X 4;HALL;TUCUMAN 737;TUCUMAN 737;TUCUMAN;739;San Nicolas;Comuna 1
203;POINT (-58.3773076237139 -34.6009831857811);1° DE MAYO;SINDICATO DEL VESTIDO;RICARDO CARPANI;PINTURA MURAL;1964.0;5.50 X 4;HALL;TUCUMAN 737;TUCUMAN 737;TUCUMAN;739;San Nicolas;Comuna 1
204;POINT (-58.3912700209687 -34.6116351984444);ALEGORIA;ASOCIACION ARGENTINA DE ACTORES;RAUL SOLDI;OLEO S/TELA;1960.0;6 X 2;HALL;ALSINA, ADOLFO 1766;ALSINA 1766;ALSINA, ADOLFO;1762;Monserrat;Comuna 1
205;POINT (-58.4392867116438 -34.6056052110592);LA BENEFICENCIA A TRAVES DE LOS SIGLOS;CAPILLA DEL DIVINO ROSTRO;AUGUSTO  CESAR FERRARI;PINTURA MURALAL GRAFITO;1915.0;S/M;CAPILLA;GALLARDO, ANGEL AV. y MARECHAL, LEOPOLDO;AV. ANGEL GALLARDO Y LEOPOLDO MARECHAL;GALLARDO, ANGEL AV.;602;Villa Crespo;Comuna 15
206;POINT (-58.4376079111887 -34.6049834827746);FLAMENCOS;MUSEO CIENCIAS NATURALES;ALFREDO BIGATTI;BAJORRELIEVE;1938.0;2.50 X 1.50;FACHADA;GALLARDO, ANGEL AV. 470;AV. ANGEL GALLARDO 470;GALLARDO, ANGEL AV.;445;Caballito;Comuna 6
207;POINT (-58.4376079111887 -34.6049834827746);TAPIRES;MUSEO CIENCIAS NATURALES;ALFREDO BIGATTI;BAJORRELIEVE;1938.0;2.50 X 1.50;FACHADA;GALLARDO, ANGEL AV. 470;AV. ANGEL GALLARDO 470;GALLARDO, ANGEL AV.;445;Caballito;Comuna 6
208;POINT (-58.4376079111887 -34.6049834827746);LLAMAS;MUSEO CIENCIAS NATURALES;DONATO A. PROIETTO;BAJORRELIEVE;1938.0;2.50 X 1.50;FACHADA;GALLARDO, ANGEL AV. 470;AV. ANGEL GALLARDO 470;GALLARDO, ANGEL AV.;445;Caballito;Comuna 6
209;POINT (-58.4376079111887 -34.6049834827746);CONDORES;MUSEO CIENCIAS NATURALES;DONATO A. PROIETTO;BAJORRELIEVE;1938.0;2.50 X 1.50;FACHADA;GALLARDO, ANGEL AV. 470;AV. ANGEL GALLARDO 470;GALLARDO, ANGEL AV.;445;Caballito;Comuna 6
210;POINT (-58.4376079111887 -34.6049834827746);PUMAS;MUSEO CIENCIAS NATURALES;EMILIO J. SARNIGUET;BAJORRELIEVE;1938.0;2.50 X 1.50;FACHADA;GALLARDO, ANGEL AV. 470;AV. ANGEL GALLARDO 470;GALLARDO, ANGEL AV.;445;Caballito;Comuna 6
211;POINT (-58.4376079111887 -34.6049834827746);GUANACOS;MUSEO CIENCIAS NATURALES;LUIS C. ROVATTI;BAJORRELIEVE;1938.0;2.50 X 1.50;FACHADA;GALLARDO, ANGEL AV. 470;AV. ANGEL GALLARDO 470;GALLARDO, ANGEL AV.;445;Caballito;Comuna 6
212;POINT (-58.4376079111887 -34.6049834827746);ABORIGENES;MUSEO CIENCIAS NATURALES;LUIS C. ROVATTI;BAJORRELIEVE;1938.0;2.50 X 1.50;FACHADA;GALLARDO, ANGEL AV. 470;AV. ANGEL GALLARDO 470;GALLARDO, ANGEL AV.;445;Caballito;Comuna 6
213;POINT (-58.4376079111887 -34.6049834827746);FOCAS Y LOBO DE MAR;MUSEO CIENCIAS NATURALES;JUAN CARLOS OLIVA NAVARRO;BAJORRELIEVE;1938.0;2.50 X 1.50;FACHADA;GALLARDO, ANGEL AV. 470;AV. ANGEL GALLARDO 470;GALLARDO, ANGEL AV.;445;Caballito;Comuna 6
214;POINT (-58.3769045796118 -34.5986308548241);ALEGORIAS;SOCIEDAD ESTIMULO DE BELLAS ARTES;CARLOS TERRIBILI;PINTURA MURAL;1996.0;12 X 3;FACHADA;CORDOBA AV. 701;AV. CORDOBA 701;MAIPU;802;Retiro;Comuna 1
215;POINT (-58.3830209847215 -34.6036058842873);EL TALLER;CENTRO CULTURAL DE LA COOPERACION;CARLOS ALONSO;ACRILICO SOBRE TELA;2002.0;2.30 X 3;PLANTA BAJA;CORRIENTES AV. 1153;AV. CORRIENTES 1153;CORRIENTES AV.;1145;San Nicolas;Comuna 1
216;POINT (-58.3830209847215 -34.6036058842873);LA VIDA SOBRE LA MESA;CENTRO CULTURAL DE LA COOPERACION;RODOLFO CAMPODONICO;OLEO SOBRE TELA;2002.0;3 X 2.30;SUBSUELO;CORRIENTES AV. 1153;AV. CORRIENTES 1153;CORRIENTES AV.;1145;San Nicolas;Comuna 1
217;POINT (-58.3830209847215 -34.6036058842873);LA MAREA DONDE ARDIA;CENTRO CULTURAL DE LA COOPERACION;ANIBAL CEDRON;ACRILICO SOBRE TELA;2002.0;2.30 X 3;SUBSUELO;CORRIENTES AV. 1153;AV. CORRIENTES 1153;CORRIENTES AV.;1145;San Nicolas;Comuna 1
218;POINT (-58.3830209847215 -34.6036058842873);CAMINO A LA SOLIDARIDAD, LA COOPERACION Y LA ESPERANZA;CENTRO CULTURAL DE LA COOPERACION;LUIS FELIPE NOE;ACRILICO SOBRE TELA;2002.0;3 X 2.30;SUBSUELO;CORRIENTES AV. 1153;AV. CORRIENTES 1153;CORRIENTES AV.;1145;San Nicolas;Comuna 1
219;POINT (-58.3830209847215 -34.6036058842873);!AH, LA VACA!;CENTRO CULTURAL DE LA COOPERACION;CARLOS GORRIARENA;ACRILICO SOBRE TELA;2002.0;2.30 X 3;PLANTA BAJA;CORRIENTES AV. 1153;AV. CORRIENTES 1153;CORRIENTES AV.;1145;San Nicolas;Comuna 1
220;POINT (-58.3883296951729 -34.6043161981085);ALEGORIA;TEATRO GRAL. SAN MARTIN;CARLOS DE LA CARCOVA;ALTORELIEVE;1959.0;5 X 3;HALLSALA CASACUBERTA;CORRIENTES AV. 1530;AV. CORRIENTES 1530;CORRIENTES AV.;1524;San Nicolas;Comuna 1
221;POINT (-58.3883296951729 -34.6043161981085);EL NACIMIENTO DEL TEATRO ARGENTINO;TEATRO GRAL. SAN MARTIN;LUIS SEOANE;PINTURA MURALCON RESINAS SINTETICAS;1959.0;35 X 11;HALLSALA CASACUBERTA;CORRIENTES AV. 1530;AV. CORRIENTES 1530;CORRIENTES AV.;1524;San Nicolas;Comuna 1
222;POINT (-58.3883296951729 -34.6043161981085);ALEGORIA;TEATRO GRAL. SAN MARTIN;JUAN BATLLE PLANAS;MURAL CERAMICO;1960.0;24 X 2.90;SALA CARLOS MOREL;CORRIENTES AV. 1530;AV. CORRIENTES 1530;CORRIENTES AV.;1524;San Nicolas;Comuna 1
223;POINT (-58.3883296951729 -34.6043161981085);EL TEATRO CRIOLLO;TEATRO GRAL. SAN MARTIN;JOSE FIORAVANTI;ALTORELIEVE EN CEMENTO COLOREADO;1959.0;5 X 2.50;HALLSALA MARTIN CORONADO;CORRIENTES AV. 1530;AV. CORRIENTES 1530;CORRIENTES AV.;1524;San Nicolas;Comuna 1
224;POINT (-58.3883296951729 -34.6043161981085);TITULO DESCONOCIDO;TEATRO GRAL. SAN MARTIN;JUAN ANTONIO BALLESTER PEÑA;MURAL CERAMICO;1959.0;S/M;SALA LEOPOLDO LUGONES;CORRIENTES AV. 1530;AV. CORRIENTES 1530;CORRIENTES AV.;1524;San Nicolas;Comuna 1
225;POINT (-58.3883296951729 -34.6043161981085);NUNCA RECUERDO OLVIDARTE;TEATRO GRAL. SAN MARTIN;ROGELIO POLESELLO;MURAL DE PASTILLAS DE PASTA DE VIDRIO;2006.0;S/M;SALA LEOPOLDO LUGONES;CORRIENTES AV. 1530;AV. CORRIENTES 1530;CORRIENTES AV.;1524;San Nicolas;Comuna 1
226;POINT (-58.3883296951729 -34.6043161981085);LOS HERMANOS PODESTA;TEATRO GRAL. SAN MARTIN;LUIS DIEGO PEDREIRA;MURAL CERAMICO;2000.0;S/M;SALA CUNIL CABANILLAS;CORRIENTES AV. 1530;AV. CORRIENTES 1530;CORRIENTES AV.;1524;San Nicolas;Comuna 1
227;POINT (-58.3745800806942 -34.6083994821362);ATENEA Y LAS MUSAS;CASA DE LA CULTURA;NAZARENO ORLANDI;MAROUFLAGE (OLEO SOBRE TELA PEGADO AL CIELORRASO);1898.0;S/M;SALON DORADO;DE MAYO AV. 575;AV. DE MAYO 575;DE MAYO AV.;591;Monserrat;Comuna 1
228;POINT (-58.3932197880043 -34.5840814318945);COCINA CRIOLLA;MUSEO NACIONAL DE BELLAS ARTES;ALFREDO BIGATTI;RELIEVE EN BRONCE;1937.0;S/M;SALA DE EXPOSICIONES;DEL LIBERTADOR AV. 1473;AV. DEL LIBERTADOR 1473;DEL LIBERTADOR AV.;1473;Recoleta;Comuna 2
229;POINT (-58.4051726771974 -34.5798455549708);HOMENAJE AL ARTISTA ARTESANO;MUSEO DE ARTE POPULAR JOSE HERNANDEZ;ALEJANDRO PUENTE;MURAL DE PASTILLAS DE PASTA DE VIDRIO;2007.0;S/M;ACCESO;DEL LIBERTADOR AV. 2373;AV. DEL LIBERTADOR 2373;DEL LIBERTADOR AV.;2373;Palermo;Comuna 14
230;POINT (-58.3666549364043 -34.6242082032751);BAILONGO DEL 900;DIARIO CRONICA;CARLOS GENOVESE;PINTURA MURAL;1998.0;3 X 2;FACHADA;GARAY, JUAN DE AV. 102;AV. GARAY 102;AZOPARDO;1455;San Telmo;Comuna 1
231;POINT (-58.3920889854682 -34.5913599071051);LAS MUJERES SABIAS;COLEGIO DE ESCRIBANOS;RAUL SOLDI;MAROUFLAGE (OLEO SOBRE TELA PEGADO A LA PARED);1972.0;S/M;SALON SOLDI;LAS HERAS GENERAL AV. 1833;AV.LAS HERAS 1833;LAS HERAS GENERAL AV.;1837;Recoleta;Comuna 2
232;POINT (-58.3606751590047 -34.6388602918762);SALUDO A LA BANDERA;TEATRO DE LA RIBERA;BENITO QUINQUELA MARTIN;OLEO S/ HARBOARD;1968.0;4 X 4;SALA TEATRAL;DON PEDRO DE MENDOZA AV. 1821;AV. PEDRO DE MENDOZA 1821;DON PEDRO DE MENDOZA AV.;1819;Boca;Comuna 4
233;POINT (-58.3606751590047 -34.6388602918762);PROCESION NAUTICA;TEATRO DE LA RIBERA;BENITO QUINQUELA MARTIN;OLEO S/ HARBOARD;1968.0;4 X 4;SALA TEATRAL;DON PEDRO DE MENDOZA AV. 1821;AV. PEDRO DE MENDOZA 1821;DON PEDRO DE MENDOZA AV.;1819;Boca;Comuna 4
234;POINT (-58.3606751590047 -34.6388602918762);DIA DEL TRABAJO;TEATRO DE LA RIBERA;BENITO QUINQUELA MARTIN;OLEO S/ HARBOARD;1968.0;4 X 4;SALA TEATRAL;DON PEDRO DE MENDOZA AV. 1821;AV. PEDRO DE MENDOZA 1821;DON PEDRO DE MENDOZA AV.;1819;Boca;Comuna 4
235;POINT (-58.3606751590047 -34.6388602918762);TANGO DE LA RIBERA;TEATRO DE LA RIBERA;BENITO QUINQUELA MARTIN;OLEO S/ HARBOARD;1968.0;4 X 4;SALA TEATRAL;DON PEDRO DE MENDOZA AV. 1821;AV. PEDRO DE MENDOZA 1821;DON PEDRO DE MENDOZA AV.;1819;Boca;Comuna 4
236;POINT (-58.3606751590047 -34.6388602918762);ARRANCANDO;TEATRO DE LA RIBERA;BENITO QUINQUELA MARTIN;OLEO S/ HARBOARD;1967.0;4 X 4;SALA TEATRAL;DON PEDRO DE MENDOZA AV. 1821;AV. PEDRO DE MENDOZA 1821;DON PEDRO DE MENDOZA AV.;1819;Boca;Comuna 4
237;POINT (-58.3606751590047 -34.6388602918762);DIA DE FIESTA;TEATRO DE LA RIBERA;BENITO QUINQUELA MARTIN;OLEO S/ HARBOARD;1967.0;4 X 4;SALA TEATRAL;DON PEDRO DE MENDOZA AV. 1821;AV. PEDRO DE MENDOZA 1821;DON PEDRO DE MENDOZA AV.;1819;Boca;Comuna 4
238;POINT (-58.3606751590047 -34.6388602918762);RINCON DE LA BOCA;TEATRO DE LA RIBERA;BENITO QUINQUELA MARTIN;OLEO S/ HARBOARD;1968.0;4 X 4;HALLPRIMER PISO;DON PEDRO DE MENDOZA AV. 1821;AV. PEDRO DE MENDOZA 1821;DON PEDRO DE MENDOZA AV.;1819;Boca;Comuna 4
239;POINT (-58.3848351392105 -34.595442963553);DESCARGANDO CARBON;CASA DEL TEATRO , TEATRO REGINA;BENITO QUINQUELA MARTIN;OLEO S/ TELA;1928.0;3 X 5;FOYER;SANTA FE AV. 1235;AV. SANTA FE 1235;SANTA FE AV.;1235;Retiro;Comuna 1
240;POINT (-58.3848351392105 -34.595442963553);EN PLENA ACTIVIDAD;CASA DEL TEATRO , TEATRO REGINA;BENITO QUINQUELA MARTIN;OLEO S/ TELA;1928.0;3 X 5;FOYER;SANTA FE AV. 1235;AV. SANTA FE 1235;SANTA FE AV.;1235;Retiro;Comuna 1
241;POINT (-58.4062792716649 -34.6038657218139);ALEGORIA DE LA POESIA, LA TRAGEDIA, LA DANZA, LA COMEDIA Y LA MUSICA;TEATRO IFT;C.BISCIONE, M.GLORIOSO, W. VILADRICH;RELIEVE ESCULTORICO EN PIEDRA;1952.0;2.50 X 3.60;TERRAZA;BOULOGNE SUR MER 547;BOULOGNE SUR MER 547;BOULOGNE SUR MER;543;Balvanera;Comuna 3
242;POINT (-58.4062792716649 -34.6038657218139);HISTORIA DE LOS TEATROS ARGENTINO Y JUDIO;TEATRO IFT;JULIO BARRAGAN Y OTROS;PINTURA MURAL;1952.0;15 X 3;SALA DE 2° PISO;BOULOGNE SUR MER 547;BOULOGNE SUR MER 547;BOULOGNE SUR MER;543;Balvanera;Comuna 3
243;POINT (-58.4062792716649 -34.6038657218139);EL TEATRO ES ESCUELA PARA ADULTOS;TEATRO IFT;JUAN CARLOS CASTAGNINO;GRABADO EN MARMOL;1952.0;IRREGULAR;FOYER TEATRO;BOULOGNE SUR MER 547;BOULOGNE SUR MER 547;BOULOGNE SUR MER;543;Balvanera;Comuna 3
244;POINT (-58.4062792716649 -34.6038657218139);MUSICOS POPULARES;TEATRO IFT;MANUEL KANTOR;GRABADO EN MARMOL;1952.0;IRREGULAR;ENTREPISO FOYER;BOULOGNE SUR MER 547;BOULOGNE SUR MER 547;BOULOGNE SUR MER;543;Balvanera;Comuna 3
245;POINT (-58.4062792716649 -34.6038657218139);CANTANTES POPULARES;TEATRO IFT;BARTOLOME MIRABELLI;GRABADO EN MARMOL;1952.0;IRREGULAR;ENTREPISO FOYER;BOULOGNE SUR MER 547;BOULOGNE SUR MER 547;BOULOGNE SUR MER;543;Balvanera;Comuna 3
246;POINT (-58.3618245197438 -34.6393859692576);RINCON BOQUENSE;CALLE MUSEO;BENITO QUINQUELA MARTIN;MOSAICO VENECIANO;0.0;1 X 1.20;CALLE;CAMINITO y MAGALLANES;CAMINITO;DON PEDRO DE MENDOZA AV.;1895;Boca;Comuna 4
247;POINT (-58.3618245197438 -34.6393859692576);LA CANCION;CALLE MUSEO;JULIO VERGOTTINI;BAJORRELIEVE;1948.0;1.70 X 2.40;CALLE;CAMINITO y MAGALLANES;CAMINITO;DON PEDRO DE MENDOZA AV.;1895;Boca;Comuna 4
248;POINT (-58.3618245197438 -34.6393859692576);GUARDIA VIEJA - TANGO;CALLE MUSEO;ISRAEL HOFFMAN;BAJORRELIEVE;1948.0;0.75 X 1.45;CALLE;CAMINITO y MAGALLANES;CAMINITO;DON PEDRO DE MENDOZA AV.;1895;Boca;Comuna 4
249;POINT (-58.3618245197438 -34.6393859692576);ESPERANDO LA BARCA;CALLE MUSEO;ROBERTO CAPURRO;ALTORELIEVE;1948.0;1.40 X 1.40;CALLE;CAMINITO y MAGALLANES;CAMINITO;DON PEDRO DE MENDOZA AV.;1895;Boca;Comuna 4
250;POINT (-58.3618245197438 -34.6393859692576);HERRERO BOQUENSE;CALLE MUSEO;MARISA BALMASEDA KRAUSE;BAJORRELIEVE;1948.0;0.95 X 1.75;CALLE;CAMINITO y MAGALLANES;CAMINITO;DON PEDRO DE MENDOZA AV.;1895;Boca;Comuna 4
251;POINT (-58.3618245197438 -34.6393859692576);LAS TEJEDORAS;CALLE MUSEO;LUIS PERLOTTI;BAJORRELIEVE;1939.0;1.60 X 2.50;CALLE;CAMINITO y MAGALLANES;CAMINITO;DON PEDRO DE MENDOZA AV.;1895;Boca;Comuna 4
252;POINT (-58.3618245197438 -34.6393859692576);REGRESO DE LA PESCA;CALLE MUSEO;RICARDO SANCHEZ;MURAL CERAMICO;1965.0;3 X 5.3;CALLE;CAMINITO y MAGALLANES;CAMINITO;DON PEDRO DE MENDOZA AV.;1895;Boca;Comuna 4
253;POINT (-58.3618245197438 -34.6393859692576);SANTOS VEGA;CALLE MUSEO;LUIS PERLOTTI;BAJORRELIEVE;1948.0;1.10 X 1.80;CALLE;CAMINITO y MAGALLANES;CAMINITO;DON PEDRO DE MENDOZA AV.;1895;Boca;Comuna 4
254;POINT (-58.3618245197438 -34.6393859692576);FRAGATA SARMIENTO;CALLE MUSEO;YBARRA GARCIA;BAJORRELIEVE;1948.0;1.32 X 2.44;CALLE;CAMINITO y MAGALLANES;CAMINITO;DON PEDRO DE MENDOZA AV.;1895;Boca;Comuna 4
255;POINT (-58.3618245197438 -34.6393859692576);CLAVEL DEL AIRE;CALLE MUSEO;LUIS PERLOTTI;BAJORRELIEVE;1948.0;1 X 0.90;CALLE;CAMINITO y MAGALLANES;CAMINITO;DON PEDRO DE MENDOZA AV.;1895;Boca;Comuna 4
256;POINT (-58.3618245197438 -34.6393859692576);DIA DEL TRABAJO;CALLE MUSEO;BENITO QUINQUELA MARTIN;MURAL CERAMICO;1948.0;0.66 X 0.85;CALLE;CAMINITO y MAGALLANES;CAMINITO;DON PEDRO DE MENDOZA AV.;1895;Boca;Comuna 4
257;POINT (-58.3618245197438 -34.6393859692576);EL MAESTRO - EL CORO - EL TRABAJO (TRIPTICO);CALLE MUSEO;HUMBERTO CERANTONIO;ALTORELIEVE;1948.0;1.50 X 4.20;CALLE;CAMINITO y MAGALLANES;CAMINITO;DON PEDRO DE MENDOZA AV.;1895;Boca;Comuna 4
258;POINT (-58.3618245197438 -34.6393859692576);LA FAMILIA;CALLE MUSEO;MAR FERNANDEZ;BAJORRELIEVE;1948.0;0.88 X 1.25;CALLE;CAMINITO y MAGALLANES;CAMINITO;DON PEDRO DE MENDOZA AV.;1895;Boca;Comuna 4
259;POINT (-58.3618245197438 -34.6393859692576);LA SIRGA;CALLE MUSEO;JULIO VERGOTTINI;BAJORRELIEVE;1948.0;4 X 2.30;CALLE;CAMINITO y MAGALLANES;CAMINITO;DON PEDRO DE MENDOZA AV.;1895;Boca;Comuna 4
260;POINT (-58.4302766958493 -34.6046521036027);TITULO DESCONOCIDO;RADIO LA TzTRIBU;DIEGO PERROTA, VIVIANA GAROFOLI;PINTURA MURAL;1999.0;14 X 3;FACHADA;LAMBARE 873;LAMBARE 873;LAMBARE;875;Almagro;Comuna 5
261;POINT (-58.4270865285657 -34.6114212788722);IMPA, INDUSTRIA METALURGICA PLASTICA ARGENTINA;CENTRO CULTURAL IMPA;MARCELO CARPITA;PINTURA MURALCON APLICACIONES DE ALUMINIO;2002.0;S/M;ACCESO;QUERANDIES 4288;QUERANDIES 4288;QUERANDIES;4283;Almagro;Comuna 5
262;POINT (-58.3717305225515 -34.610305902224);GLORIFICACION A SAN FRANCISCO;SAN FRANCISCO;HORACIO BUTLER;TAPIZ;1969.0;8 X 12;;ALSINA, ADOLFO 380;ADOLFO ALSINA 380;ALSINA, ADOLFO;336;Monserrat;Comuna 1
263;POINT (-58.4234331667171 -34.5802404394557);RELATOS BIBLICOS;PARROQUIA SAGRADA EUCARISTIA;ARMANDO SICA;FRESCO;1955.0;1.85 X 4.50;ATRIO;SANTA FE AV. 4370;AV. SANTA FE 4370;SANTA FE AV.;4366;Palermo;Comuna 14
264;POINT (-58.4234331667171 -34.5802404394557);ANGELES;PARROQUIA SAGRADA EUCARISTIA;NORAH BORGES;PINTURA MURAL;1950.0;1.85 X 4.50;ALTAR MAYOR;SANTA FE AV. 4370;AV. SANTA FE 4370;SANTA FE AV.;4366;Palermo;Comuna 14
265;POINT (-58.3699665968526 -34.6251261695928);BAUTISMO DE RUSIA, 988/1988;IGLESIA ORTODOXA RUSA;ESC. NAC. DE CERAMICA FERNANDO  ARRANZ;MURAL CERAMICO;1990.0;2 X 3;MEDIANERA ACCESO;BRASIL AV. 315;BRASIL 315;BRASIL AV.;309;San Telmo;Comuna 1
266;POINT (-58.4422990303556 -34.6142652803984);TITULO DESCONOCIDO;PARROQUIA EL BUEN PASTOR;GERARDO CIANCIOLO;PINTURA MURALCON ESMALTE SINTETICO;2000.0;8 X 13;S/ALTAR MAYOR;ARANGUREN, JUAN F., DR. 693;DR. FELIPE ARANGUREN 693;ARANGUREN, JUAN F., Dr.;696;Caballito;Comuna 6
267;POINT (-58.4422990303556 -34.6142652803984);VIA CRUCIS;PARROQUIA EL BUEN PASTOR;MARCELO CARPITA;PINTURA MURALCON ESMALTE SINTETICO;2000.0;IRREGULAR;NAVE;ARANGUREN, JUAN F., DR. 693;DR. FELIPE ARANGUREN 693;ARANGUREN, JUAN F., Dr.;696;Caballito;Comuna 6
268;POINT (-58.3644399391902 -34.6279156978206);LA DESPEDIDA;NTRA.SRA.MADRE DE LOS EMIGRANTES;BENITO QUINQUELA MARTIN;MURAL CERAMICO;1967.0;3 X 4;FACHADA;NECOCHEA 312;NECOCHEA 312;NECOCHEA;312;Boca;Comuna 4
269;POINT (-58.3644399391902 -34.6279156978206);TITULO DESCONOCIDO;NTRA.SRA.MADRE DE LOS EMIGRANTES;RAUL RUSSO;VITRAUX;1967.0;3 X 4;ACCESO;NECOCHEA 312;NECOCHEA 312;NECOCHEA;312;Boca;Comuna 4
270;POINT (-58.3644399391902 -34.6279156978206);NUESTRA SEÑORA MADRE DE LOS EMIGRANTES;NTRA.SRA.MADRE DE LOS EMIGRANTES;ARMANDO SICA;VITRAUX;1967.0;3 X 4;LATERAL ALTAR;NECOCHEA 312;NECOCHEA 312;NECOCHEA;312;Boca;Comuna 4
271;POINT (-58.3644399391902 -34.6279156978206);SIMBOLOS EUCARISTICOS;NTRA.SRA.MADRE DE LOS EMIGRANTES;JUAN BALLESTER PEÑA;VITRAUX;1967.0;3 X 4;FRENTE ALTAR;NECOCHEA 312;NECOCHEA 312;NECOCHEA;312;Boca;Comuna 4
272;POINT (-58.3644399391902 -34.6279156978206);LOS INMIGRANTES;NTRA.SRA.MADRE DE LOS EMIGRANTES;GERARDO CIANCIOLO;PINTURA MURAL;1995.0;3 X 4;EXTERIOR LATERAL;NECOCHEA 312;NECOCHEA 312;NECOCHEA;312;Boca;Comuna 4
273;POINT (-58.3731118549293 -34.6078141791827);SAN SIMON;CATEDRAL METROPOLITANA;FRANCISCO PAOLO PARISI;PINTURA MURALAL ENCAUSTO;1901.0;S/M;NAVECENTRAL;RIVADAVIA AV. 437;RIVADAVIA 437;RIVADAVIA AV.;437;San Nicolas;Comuna 1
274;POINT (-58.3731118549293 -34.6078141791827);SAN TADEO;CATEDRAL METROPOLITANA;FRANCISCO PAOLO PARISI;PINTURA MURALAL ENCAUSTO;1901.0;S/M;NAVECENTRAL;RIVADAVIA AV. 437;RIVADAVIA 437;RIVADAVIA AV.;437;San Nicolas;Comuna 1
275;POINT (-58.5021923505583 -34.5632425219439);SAN JUAN EL PRECURSOR;IGLESIA SAN JUAN EL PRECURSOR;GASTON JARRY;FRESCO;1945.0;S/M;S/ALTAR;YRURTIA, ROGELIO 5800;ROGELIO YRURTIA 5800;PELLEGRINI, CARLOS E.;5695;Saavedra;Comuna 12
276;POINT (-58.4101786377664 -34.6504234248026);LA ALMOHADA DE LOS POBRES;NUESTRA SEÑORA DE LA DIVINA PROVIDENCIA;MARIA SZEKELY;FRESCOS (12);1959.0;S/M;NAVE;TRAFUL 3535;TRAFUL 3535;TRAFUL;3525;Nueva Pompeya;Comuna 4
277;POINT (-58.3880221839575 -34.6148602922551);GALICIA;CENTRO CULTURAL BETANZOS;JUAN MANUEL SANCHEZ;OLEO SOBRE TELA;2007.0;S/M;AUDITORIO;REPUBLICA BOLIVARIANA DE VENEZUELA 1536;VENEZUELA 1536;REPUBLICA BOLIVARIANA DE VENEZUELA;1534;Monserrat;Comuna 1
278;POINT (-58.3606365474824 -34.6460445148964);EL BALCON;BARRACA MERLO;JUAN CARLOS VICTORICA;MURAL CERAMICO;1924.0;3.60 X 4.80;FACHADA;DON PEDRO DE MENDOZA AV. 2841;AV. PEDRO DE MENDOZA 2841;DON PEDRO DE MENDOZA AV.;2847;Boca;Comuna 4
279;POINT (-58.3606365474824 -34.6460445148964);EMBARQUE DE GRANOS;BARRACA MERLO;BENITO QUINQUELA MARTIN;MURAL CERAMICO;1924.0;5.10 X 5.85;FACHADA;DON PEDRO DE MENDOZA AV. 2841;AV. PEDRO DE MENDOZA 2841;DON PEDRO DE MENDOZA AV.;2847;Boca;Comuna 4
280;POINT (-58.3606365474824 -34.6460445148964);CALLE DE LA BOCA;BARRACA MERLO;FORTUNATO LACAMERA;MURAL CERAMICO;1924.0;4.80 X 5;FACHADA;DON PEDRO DE MENDOZA AV. 2841;AV. PEDRO DE MENDOZA 2841;DON PEDRO DE MENDOZA AV.;2847;Boca;Comuna 4
281;POINT (-58.4821265427489 -34.5849539871275);DESCUBRIMIENTO DE AMERICA;"ESCUELA N° 27, DE15, PETRONILA RODRIGUEZ""""";CHIESA - CASTAGNA - BALDINI;FRESCO;1935.0;S/M;SALON DE ACTOS;ANDONAEGUI 1532;ANDONAEGUI 1532;ANDONAEGUI;1532;Parque Chas;Comuna 15
282;POINT (-58.4051417284649 -34.5836312637925);LA EDUCACION ES UN DERECHO;ESCUELA HERRERA VEGAS;GERARDO CIANCIOLO;PINTURA MURAL;2004.0;S/M;HALLACCESO;LAS HERAS GENERAL AV. 3086;AV. LAS HERAS 3086;LAS HERAS GENERAL AV.;3054;Recoleta;Comuna 2
283;POINT (-58.3608885257099 -34.6389122827747);REGRESO DE LA PESCA;ESCUELA MUSEO;BENITO QUINQUELA MARTIN;OLEO S/ TELA;1936.0;6.50 X 2.70;"AULA E.J.SARNIGUET""""";DON PEDRO DE MENDOZA AV. 1835;AV. PEDRO DE MENDOZA 1835;DON PEDRO DE MENDOZA AV.;1821;Boca;Comuna 4
284;POINT (-58.3608885257099 -34.6389122827747);LA DESPEDIDA;ESCUELA MUSEO;BENITO QUINQUELA MARTIN;OLEO S/ TELA;1936.0;2.70 X 6.50;"AULA E.SIVORI""""";DON PEDRO DE MENDOZA AV. 1835;AV. PEDRO DE MENDOZA 1835;DON PEDRO DE MENDOZA AV.;1821;Boca;Comuna 4
285;POINT (-58.3608885257099 -34.6389122827747);CARGADORAS DE NARANJAS EN CORRIENTES;ESCUELA MUSEO;BENITO QUINQUELA MARTIN;OLEO S/ TELA;1936.0;6.50 X 2.70;"AULA A.ALICE""""";DON PEDRO DE MENDOZA AV. 1835;AV. PEDRO DE MENDOZA 1835;DON PEDRO DE MENDOZA AV.;1821;Boca;Comuna 4
286;POINT (-58.3608885257099 -34.6389122827747);BUZOS EN EL FONDO DEL MAR;ESCUELA MUSEO;BENITO QUINQUELA MARTIN;OLEO S/ TELA;1936.0;6 X 2.70;"AULA L.C.MORALES""""";DON PEDRO DE MENDOZA AV. 1835;AV. PEDRO DE MENDOZA 1835;DON PEDRO DE MENDOZA AV.;1821;Boca;Comuna 4
287;POINT (-58.3608885257099 -34.6389122827747);FOGATA DE SAN JUAN;ESCUELA MUSEO;BENITO QUINQUELA MARTIN;OLEO S/ TELA;1936.0;6 X 2.70;"AULA F.FADER""""";DON PEDRO DE MENDOZA AV. 1835;AV. PEDRO DE MENDOZA 1835;DON PEDRO DE MENDOZA AV.;1821;Boca;Comuna 4
288;POINT (-58.3608885257099 -34.6389122827747);INUNDACION EN LA BOCA;ESCUELA MUSEO;BENITO QUINQUELA MARTIN;OLEO S/ TELA;1936.0;5 X 2.60;"AULA J. BERMUDEZ""""";DON PEDRO DE MENDOZA AV. 1835;AV. PEDRO DE MENDOZA 1835;DON PEDRO DE MENDOZA AV.;1821;Boca;Comuna 4
289;POINT (-58.3608885257099 -34.6389122827747);LA BOCA EN EL AÑO 1860;ESCUELA MUSEO;BENITO QUINQUELA MARTIN;OLEO S/ TELA;1936.0;6.50 X 3.00;"AULA P.COLIVADINO""""";DON PEDRO DE MENDOZA AV. 1835;AV. PEDRO DE MENDOZA 1835;DON PEDRO DE MENDOZA AV.;1821;Boca;Comuna 4
290;POINT (-58.3608885257099 -34.6389122827747);BENDICION DE LAS BARCAS;ESCUELA MUSEO;BENITO QUINQUELA MARTIN;OLEO S/ TELA;1936.0;6.50 X 2.70;"AULA P.Z.BRIANO""""";DON PEDRO DE MENDOZA AV. 1835;AV. PEDRO DE MENDOZA 1835;DON PEDRO DE MENDOZA AV.;1821;Boca;Comuna 4
291;POINT (-58.3608885257099 -34.6389122827747);CARNAVAL EN LA BOCA;ESCUELA MUSEO;BENITO QUINQUELA MARTIN;OLEO S/ TELA;1936.0;9 X 3.00;PATIO CUBIERTO;DON PEDRO DE MENDOZA AV. 1835;AV. PEDRO DE MENDOZA 1835;DON PEDRO DE MENDOZA AV.;1821;Boca;Comuna 4
292;POINT (-58.3608885257099 -34.6389122827747);EMBARQUE DE CEREALES;ESCUELA MUSEO;BENITO QUINQUELA MARTIN;OLEO S/ TELA;1936.0;4.50 X 5.00;PATIO DEL 1° PISO;DON PEDRO DE MENDOZA AV. 1835;AV. PEDRO DE MENDOZA 1835;DON PEDRO DE MENDOZA AV.;1821;Boca;Comuna 4
293;POINT (-58.3608885257099 -34.6389122827747);MASCARONES;ESCUELA MUSEO;BENITO QUINQUELA MARTIN;OLEO S/ TELA;1936.0;6.50 X 3.00;"AULA MENDILAMARZU""""";DON PEDRO DE MENDOZA AV. 1835;AV. PEDRO DE MENDOZA 1835;DON PEDRO DE MENDOZA AV.;1821;Boca;Comuna 4
294;POINT (-58.3608885257099 -34.6389122827747);CARGADORES DE CARBON;ESCUELA MUSEO;BENITO QUINQUELA MARTIN;OLEO S/ TELA;1936.0;6.50 X 2.70;"AULA T. DE LIBIAN""""";DON PEDRO DE MENDOZA AV. 1835;AV. PEDRO DE MENDOZA 1835;DON PEDRO DE MENDOZA AV.;1821;Boca;Comuna 4
295;POINT (-58.3608885257099 -34.6389122827747);EL DESFILE DEL CIRCO;ESCUELA MUSEO;BENITO QUINQUELA MARTIN;MURAL CERAMICO;1936.0;9 X 3.00;PATIO CUBIERTO;DON PEDRO DE MENDOZA AV. 1835;AV. PEDRO DE MENDOZA 1835;DON PEDRO DE MENDOZA AV.;1821;Boca;Comuna 4
296;POINT (-58.3608885257099 -34.6389122827747);SALUDO A LA BANDERA;ESCUELA MUSEO;BENITO QUINQUELA MARTIN;MURAL CERAMICO;1936.0;6.50 X 2.70;PATIO CUBIERTO;DON PEDRO DE MENDOZA AV. 1835;AV. PEDRO DE MENDOZA 1835;DON PEDRO DE MENDOZA AV.;1821;Boca;Comuna 4
297;POINT (-58.3608885257099 -34.6389122827747);EL ANGEL CAMPESINO;ESCUELA MUSEO;HEBE SALVAT;MURAL CERAMICO;1936.0;1.96 X 1.05;PATIO DEL 1° PISO;DON PEDRO DE MENDOZA AV. 1835;AV. PEDRO DE MENDOZA 1835;DON PEDRO DE MENDOZA AV.;1821;Boca;Comuna 4
298;POINT (-58.3756749166286 -34.6471572512499);TITULO DESCONOCIDO;ESC. TTE. GRAL. ROSENDO FRAGA;GERARDO CIANCIOLO;PINTURA MURAL;2001.0;S/M;FACHADA;CALIFORNIA 1925;CALIFORNIA 1925;CALIFORNIA;1925;Barracas;Comuna 4
299;POINT (-58.4101394477369 -34.6137028834886);TITULO DESCONOCIDO;ESC. NORMAL SUPERIOR Ns2  MARIANO ACOSTA;NAZARENO ORLANDI;MAROUFLAGE (OLEO SOBRE TELA PEGADO AL CIELORRASO);1910.0;S/M;SALON DE ACTOS;URQUIZA, GRAL. 277;GENERAL URQUIZA 277;URQUIZA, Gral.;269;Balvanera;Comuna 3
300;POINT (-58.4804984445388 -34.6092847983315);TRABAJO;"ESCUELA Ns7, DE 17, REPUBLICA DE MEXICO""""";BENITO QUINQUELA MARTIN;OLEO Y CERA EN CHAPAS DE CELOTEX;1941.0;S/M;HALL;GARCIA, JUAN AGUSTIN 2755;JUAN AGUSTIN GARCIA 2755;GARCIA, JUAN AGUSTIN;2755;Villa Santa Rita;Comuna 11
301;POINT (-58.4110905810803 -34.5844125448305);TITULO DESCONOCIDO;"ESCUELA Ns12, DE1, GRAL. LAS HERAS""""";DEL PIERO - CARDENAS;ESGRAFIADO;1999.0;8.00 X 10.00;;ALVAREZ, JULIAN 2849;JULIAN ALVAREZ 2849;ALVAREZ, JULIAN;2849;Palermo;Comuna 14
302;POINT (-58.5126637665313 -34.6007163253441);TITULO DESCONOCIDO;"ESC.EM 3, DE17, ANTONIO DEVOTO""""";RODOLFO CAMPODONICO;OLEO SOBRE TELA;1967.0;7.50 X 3.60;SALON DE ACTOS;MERCEDES 4002;MERCEDES 4002;NUEVA YORK;4120;Villa Devoto;Comuna 11
303;POINT (-58.3595407481911 -34.636795837768);HUMANIZACION AL TRABAJO. CRISTO EN LA BOCA. DIGNIFICACION DE LA VIDA;COLEGIO SAN JUAN EVANGELISTA;DOMINGO IANANTUONI;MURAL CERAMICO;1969.0;S/M;FACHADA;OLAVARRIA 486;OLAVARRIA 486;OLAVARRIA;466;Boca;Comuna 4
304;POINT (-58.3873954115172 -34.6227160584902);HOMENAJE A LA ESCUELA PUBLICA;"ESC Ns11, DE 3 DR. RICARDO GUTIERREZ""""";GERARDO CIANCIOLO;PINTURA MURAL;2003.0;S/M;FACHADA;SAENZ PEÑA, LUIS, PRES. 1215;PRESIDENTE LUIS SAENZ PEÑA 1215;SAENZ PE\u00d1A, LUIS, PRES.;1215;Constitucion;Comuna 1
305;POINT (-58.4626438414244 -34.6276753412655);SANTA ANA Y LA VIRGEN NIÑA IMAGINANDO SUS SUEÑOS;"ESCUELA Ns1, DE 12 GRAL. URQUIZA""""";RAUL SOLDI;MURAL CERAMICO;1975.0;2 X 3;PATIO CUBIERTO;YERBAL 2370;YERBAL 2370;YERBAL;2370;Flores;Comuna 7
306;POINT (-58.444136861788 -34.5643017790403);EL CAMINO DEL CONOCIMIENTO;UNIVERSIDAD DE BELGRANO;PEREZ CELIS;MURAL EN MADERA Y ACERO INOXIDABLE;1997.0;S/M;HALL;ZABALA 1837;ZABALA 1837;ZABALA;1851;Belgrano;Comuna 13
307;POINT (-58.3648535941443 -34.6365129145986);ALEGORIAS;CLUB ATLETICO BOCA JUNIORS;ROMULO MACCIO;ESMALTE SINTETICO S/ PANELES METALICOS;1999.0;S/M;FRENTE/S DEL VALLE IBARLUCEA;BRANDSEN 805;BRANDSEN 805;BRANDSEN;731;Boca;Comuna 4
308;POINT (-58.3648535941443 -34.6365129145986);IDOLOS;CLUB ATLETICO BOCA JUNIORS;PEREZ CELIS;ALTORELIEVE CON MOSAICO VENECIANO;1999.0;S/M;FRENTE/S DEL VALLE IBARLUCEA;BRANDSEN 805;BRANDSEN 805;BRANDSEN;731;Boca;Comuna 4
309;POINT (-58.3648535941443 -34.6365129145986);MITO Y DESTINO;CLUB ATLETICO BOCA JUNIORS;PEREZ CELIS;ALTORELIEVE CON MOSAICO VENECIANO;1999.0;S/M;FRENTE/S DEL VALLE IBARLUCEA;BRANDSEN 805;BRANDSEN 805;BRANDSEN;731;Boca;Comuna 4
310;POINT (-58.3648535941443 -34.6365129145986);EL ORIGEN DE LOS COLORES DE LA BANDERA DE BOCA;CLUB ATLETICO BOCA JUNIORS;BENITO QUINQUELA MARTIN;OLEO S/ AGLOMERADO DE MADERA;1941.0;5 X 7;HALLDE ENTRADA;BRANDSEN 805;BRANDSEN 805;BRANDSEN;731;Boca;Comuna 4
311;POINT (-58.3648535941443 -34.6365129145986);DALE BOCA;CLUB ATLETICO BOCA JUNIORS;GERARDO CIANCIOLO / MARCELO CARPITA;PINTURA MURAL;1994.0;S/M;FRENTE S/BRANDSEN;BRANDSEN 805;BRANDSEN 805;BRANDSEN;731;Boca;Comuna 4
312;POINT (-58.4493996452452 -34.5465122395691);EL CAMPEON;CLUB RIVER PLATE;BENITO QUINQUELA MARTIN;OLEO SOBRE MADERA;1937.0;S/M;CONFITERIA DEL ESTADIO;FIGUEROA ALCORTA, PRES. AV. 7597;AV. FIGUEROA ALCORTA 7597;FIGUEROA ALCORTA, PRES. AV.;7598;Belgrano;Comuna 13
313;POINT (-58.4493996452452 -34.5465122395691);LA PRIMERA CANCHA DE RIVER;CLUB RIVER PLATE;BENITO QUINQUELA MARTIN;OLEO SOBRE MADERA;1937.0;S/M;CONFITERIA DEL ESTADIO;FIGUEROA ALCORTA, PRES. AV. 7597;AV. FIGUEROA ALCORTA 7597;FIGUEROA ALCORTA, PRES. AV.;7598;Belgrano;Comuna 13
314;POINT (-58.5056738297906 -34.6194963116186);LA FAMILIA;GALERIA JONTE;JUAN MANUEL SANCHEZ;PINTURA MURAL;1965.0;S/M;ACCESO;ALVAREZ JONTE AV. 4767;AV. ALVAREZ JONTE 4767;ALVAREZ JONTE AV.;4767;Monte Castro;Comuna 10
315;POINT (-58.4620691933726 -34.5556829764325);HOMENAJE AL CINE;CINE ARTEPLEX BELGRANO, EX CINE SAVOY;ROBERTO DEL VILLANO;PINTURA MURAL;1991.0;S/M;PRIMER PISO;CABILDO AV. 2869;AV. CABILDO 2869;CABILDO AV.;2879;Belgrano;Comuna 13
316;POINT (-58.3829054329028 -34.6035991019283);DESPERTAR EN LA LLANURA;GALERIA DEL OBELISCO;JUAN CARLOS CASTAGNINO;PINTURA MURALAL OLEO;1961.0;4 X 5;ACCESOPOR AV. CORRIENTES;CORRIENTES AV. 1145;AV. CORRIENTES 1145;CORRIENTES AV.;1145;San Nicolas;Comuna 1
317;POINT (-58.3860997620862 -34.6037865000222);GARDEL EN LA CALLE CORRIENTES;PIZZERIA LOS INMORTALES;CARLOS LEONETTI;PINTURA MURAL;1955.0;S/M;SALON;CORRIENTES AV. 1369;AV. CORRIENTES 1369;CORRIENTES AV.;1373;San Nicolas;Comuna 1
318;POINT (-58.3886847398276 -34.6039815046628);HOMENAJE AL CINE;LIBRERIA LOSADA;JUAN CARLOS CASTAGNINO;FRESCO;1941.0;3 X 6;SALON;CORRIENTES AV. 1551;AV. CORRIENTES 1551;CORRIENTES AV.;1551;San Nicolas;Comuna 1
319;POINT (-58.3886847398276 -34.6039815046628);LAS ARTES;LIBRERIA LOSADA;CESAR LOPEZ CLARO;FRESCO;1941.0;3 X 6;SALON;CORRIENTES AV. 1551;AV. CORRIENTES 1551;CORRIENTES AV.;1551;San Nicolas;Comuna 1
320;POINT (-58.4224670812574 -34.6430217515194);TITULO DESCONOCIDO;BANCO CREDICOOP;DEMETRIO URRUCHUA;FRESCO;1965.0;S/M;SALON DE ENTRADA;LA PLATA AV. 2428;AV. LA PLATA 2428;LA PLATA AV.;2410;Nueva Pompeya;Comuna 4
321;POINT (-58.4359246320062 -34.6178582880376);HOMBRE - ESPACIO - ESPERANZA;GALERIA PARIS;JUAN CARLOS CASTAGNINO;PINTURA MURAL;1959.0;5.50 X 6;ACCESOAV. RIVADAVIA;RIVADAVIA AV. 4975;AV. RIVADAVIA 4975;RIVADAVIA AV.;4975;Caballito;Comuna 6
322;POINT (-58.4354233468253 -34.617635749191);EL PUERTO / EL DESCUBRIMIENTO DE AMERICA / LA VIDA URBANA;GALERIA RIVADAVIA;ANATOLIO SOKOLOFF;OLEO SOBRE TELA;1956.0;S/M;BAJO CLARABOYA CENTRAL;RIVADAVIA AV. 4955;AV. RIVADAVIA 4955;RIVADAVIA AV.;4955;Caballito;Comuna 6
323;POINT (-58.4616706382159 -34.6287432142891);LA FRATERNIDAD;GALERIA SAN JOSE DE FLORES;JUAN CARLOS CASTAGNINO;FRESCO;1956.0;S/M;CUPULA;RIVADAVIA AV. 6836;AV. RIVADAVIA 6836;RIVADAVIA AV.;6840;Flores;Comuna 7
324;POINT (-58.4616706382159 -34.6287432142891);LA FERTILIDAD;GALERIA SAN JOSE DE FLORES;JUAN CARLOS CASTAGNINO;FRESCO;1956.0;S/M;CUPULA;RIVADAVIA AV. 6836;AV. RIVADAVIA 6836;RIVADAVIA AV.;6840;Flores;Comuna 7
325;POINT (-58.4616706382159 -34.6287432142891);LA PACHAMAMA;GALERIA SAN JOSE DE FLORES;ENRIQUE POLICASTRO;FRESCO;1956.0;S/M;CUPULA;RIVADAVIA AV. 6836;AV. RIVADAVIA 6836;RIVADAVIA AV.;6840;Flores;Comuna 7
326;POINT (-58.4616706382159 -34.6287432142891);HOH, SAN JOSE DE FLORES...;GALERIA SAN JOSE DE FLORES;DEMETRIO URRUCHUA;FRESCO;1956.0;S/M;CUPULA;RIVADAVIA AV. 6836;AV. RIVADAVIA 6836;RIVADAVIA AV.;6840;Flores;Comuna 7
327;POINT (-58.3911241619882 -34.5960037260785);TITULO DESCONOCIDO;GALERIA SANTA FE;RAUL SOLDI;FRESCO;1954.0;18 X 19;CUPULA;SANTA FE AV. 1660;AV. SANTA FE 1660;SANTA FE AV.;1654;Recoleta;Comuna 2
328;POINT (-58.3911241619882 -34.5960037260785);LOS MUSICOS;GALERIA SANTA FE;LUIS SEOANE;FRESCO;1954.0;S/M;BOVEDA CALLE LATERAL;SANTA FE AV. 1660;AV. SANTA FE 1660;SANTA FE AV.;1654;Recoleta;Comuna 2
329;POINT (-58.3911241619882 -34.5960037260785);EL INDIO;GALERIA SANTA FE;GERTRUDIS CHALE;FRESCO;1954.0;S/M;SECTOR M.T. DE ALVEAR;SANTA FE AV. 1660;AV. SANTA FE 1660;SANTA FE AV.;1654;Recoleta;Comuna 2
330;POINT (-58.3911241619882 -34.5960037260785);LOS OBREROS;GALERIA SANTA FE;NOEMI GERSTEIN;HIERRO FORJADO;1954.0;S/M;ACCESOAV. SANTA FE;SANTA FE AV. 1660;AV. SANTA FE 1660;SANTA FE AV.;1654;Recoleta;Comuna 2
331;POINT (-58.3911241619882 -34.5960037260785);TITULO DESCONOCIDO;GALERIA SANTA FE;RODOLFO PRESAS, LEOPOLDO TORRES AGÜERO;FRESCO;1954.0;S/M;BOVEDA POSTERIOR;SANTA FE AV. 1660;AV. SANTA FE 1660;SANTA FE AV.;1654;Recoleta;Comuna 2
332;POINT (-58.3911241619882 -34.5960037260785);TITULO DESCONOCIDO;GALERIA SANTA FE;LEPOLDO TORRES AGÜERO;MOSAICO VENECIANO;1954.0;S/M;SECTOR M.T. DE ALVEAR;SANTA FE AV. 1660;AV. SANTA FE 1660;SANTA FE AV.;1654;Recoleta;Comuna 2
333;POINT (-58.3911241619882 -34.5960037260785);TITULO DESCONOCIDO;GALERIA SANTA FE;LEOPOLDO TORRES AGÜERO;FRESCO;1954.0;S/M;ACCESOM.T. DE ALVEAR;SANTA FE AV. 1660;AV. SANTA FE 1660;SANTA FE AV.;1654;Recoleta;Comuna 2
334;POINT (-58.3911241619882 -34.5960037260785);TITULO DESCONOCIDO;GALERIA SANTA FE;JUAN BATLLE PLANAS;FRESCO;1954.0;S/M;ACCESOAV. SANTA FE;SANTA FE AV. 1660;AV. SANTA FE 1660;SANTA FE AV.;1654;Recoleta;Comuna 2
335;POINT (-58.3911626538328 -34.5960044116337);LOS AMANTES;GALERIA SANTA FE;RAUL SOLDI;FRESCO;1950.0;S/M;LOCAL 3;SANTA FE AV. 1662;AV. SANTA FE 1662;SANTA FE AV.;1654;Recoleta;Comuna 2
336;POINT (-58.3941316243777 -34.5960108462818);TITULO DESCONOCIDO;LIBRERIA EL ATENEO, EX CINE GRAND SPLENDID;NAZARENO ORLANDI;MAROUFLAGE (OLEO SOBRE TELA PEGADO AL CIELORRASO);1919.0;S/M;SALON CENTRAL;SANTA FE AV. 1860;AV. SANTA FE 1860;SANTA FE AV.;1854;Recoleta;Comuna 2
337;POINT (-58.3751982526793 -34.5961033394358);ESCENAS DEL 900;PLAZA HOTEL;JORGE SOTO ACEBAL, MERCEDES RODRIGUE;FRESCO;1930.0;S/M;RESAURANT LA BRASSERIE;FLORIDA 1005;FLORIDA 1005;FLORIDA;999;Retiro;Comuna 1
338;POINT (-58.3751432791905 -34.5992545672978);LA PAREJA HUMANA O EL AMOR MATERNAL;GALERIAS PACIFICO;MANUEL COLMEIRO;FRESCO;1946.0;S/M;CUPULA;FLORIDA 753;FLORIDA 753;FLORIDA;735;San Nicolas;Comuna 1
339;POINT (-58.3751432791905 -34.5992545672978);LA FRATERNIDAD;GALERIAS PACIFICO;DEMETRIO URRUCHUA;FRESCO;1946.0;S/M;CUPULA;FLORIDA 753;FLORIDA 753;FLORIDA;735;San Nicolas;Comuna 1
340;POINT (-58.3751432791905 -34.5992545672978);EL DOMINIO DE LAS FUERZAS NATURALES;GALERIAS PACIFICO;LINO ENEA SPILIMBERGO;FRESCO;1946.0;S/M;CUPULA;FLORIDA 753;FLORIDA 753;FLORIDA;735;San Nicolas;Comuna 1
341;POINT (-58.3751432791905 -34.5992545672978);LA VIDA DOMESTICA O LA OFRENDA GENEROSA DE LA NATURALEZA;GALERIAS PACIFICO;JUAN CARLOS CASTAGNINO;FRESCO;1946.0;S/M;CUPULA;FLORIDA 753;FLORIDA 753;FLORIDA;735;San Nicolas;Comuna 1
342;POINT (-58.3751432791905 -34.5992545672978);EL AMOR O GERMINACION DE LA TIERRA;GALERIAS PACIFICO;ANTONIO BERNI;FRESCO;1946.0;S/M;CUPULA;FLORIDA 753;FLORIDA 753;FLORIDA;735;San Nicolas;Comuna 1
343;POINT (-58.3751432791905 -34.5992545672978);CON LOS PIES EN LA TIERRA;GALERIAS PACIFICO;CARLOS ALONSO;ACRILICO S/SOPORTE RIGIDO;1992.0;S/M;;FLORIDA 753;FLORIDA 753;FLORIDA;735;San Nicolas;Comuna 1
344;POINT (-58.3751432791905 -34.5992545672978);OTRO TIEMPO;GALERIAS PACIFICO;JOSEFINA ROBIROSA;OLEO S/SOPORTE RIGIDO;1992.0;S/M;;FLORIDA 753;FLORIDA 753;FLORIDA;735;San Nicolas;Comuna 1
345;POINT (-58.3751432791905 -34.5992545672978);FLORIDA IDA Y VUELTA;GALERIAS PACIFICO;ROMULO MACCIO;ACRILICO S/SOPORTE RIGIDO;1992.0;S/M;;FLORIDA 753;FLORIDA 753;FLORIDA;735;San Nicolas;Comuna 1
346;POINT (-58.3751432791905 -34.5992545672978);MUJER Y MASCARAS;GALERIAS PACIFICO;GUILLERMO ROUX;OLEO S/SOPORTE RIGIDO;1992.0;S/M;;FLORIDA 753;FLORIDA 753;FLORIDA;735;San Nicolas;Comuna 1
347;POINT (-58.3751962585126 -34.5966176816948);TITULO DESCONOCIDO;GALERIA LARRETA;LUIS SEOANE;TARACEA DE MARMOLES;1958.0;S/M;SALON CENTRAL;FLORIDA 971;FLORIDA 971;FLORIDA;981;Retiro;Comuna 1
348;POINT (-58.4140016786961 -34.5882831053118);TITULO DESCONOCIDO;LA PEÑA DEL COLORADO;MARCELO CARPITA;ACRILICO PARA EXTERIORES;2001.0;4 X 4;MURO FRONTAL EN GALERIA;GUEMES 3657;GÜEMES 3657;GUEMES;3657;Palermo;Comuna 14
349;POINT (-58.3601983289155 -34.6387922280242);LA BOCA DEL RIACHUELO;HOSPITAL ODONTOLOGICO INFANTIL;BENITO QUINQUELA MARTIN;MURAL CERAMICO;1955.0;S/M;FACHADA;DON PEDRO DE MENDOZA AV. 1795;AV. PEDRO DE MENDOZA 1795;DON PEDRO DE MENDOZA AV.;1791;Boca;Comuna 4
350;POINT (-58.3909602266518 -34.613948744801);CONCIERTO EN EL JARDIN;FUNDACION FAVALORO;RAUL SOLDI;MURAL CERAMICO;1994.0;S/M;HALLDE ACCESO;BELGRANO AV. 1746;AV. BELGRANO 1746;BELGRANO AV.;1746;Monserrat;Comuna 1
351;POINT (-58.4686218265059 -34.601741328163);LA FAMILIA;CLINICA OBRA SOCIAL PERFUMISTAS;ALBERTO BRUZZONE;FRESCO;1970.0;S/M;HALLDE ACCESO;SAN MARTIN AV. 3175;AV. SAN MARTIN 3175;SAN MARTIN AV.;3191;Paternal;Comuna 15
352;POINT (-58.3774681092561 -34.6289695984069);TA - TE - TI;HOSPITAL DE NIÑOS PEDRO ELIZALDE;LUIS FELIPE NOE;MURAL CON PASTILLAS DE VIDRIO;2006.0;S/M;;MONTES DE OCA, MANUEL AV. 40;AV. MONTES DE OCA 40;MONTES DE OCA, MANUEL;27;Barracas;Comuna 4
353;POINT (-58.4027546522387 -34.634849652036);EL ESPACIO;MATERNIDAD SARDA;JORGE ESTOMBA;PINTURA MURAL;1973.0;S/M;HALL;LUCA, ESTEBAN DE 2151;ESTEBAN DE LUCA 2151;LUCA, ESTEBAN de;2151;Parque Patricios;Comuna 4
354;POINT (-58.4027546522387 -34.634849652036);LA TIERRA;MATERNIDAD SARDA;JORGE ESTOMBA;PINTURA MURAL;1973.0;S/M;HALL;LUCA, ESTEBAN DE 2151;ESTEBAN DE LUCA 2151;LUCA, ESTEBAN de;2151;Parque Patricios;Comuna 4
355;POINT (-58.4148204066855 -34.5848823388105);TITULO DESCONOCIDO;VIVIENDA MULTIFAMILIAR;JUAN BATLLE PLANAS;FRESCO;1964.0;3.25 X 10.50;HALL;ARENALES 3768;ARENALES 3768;ARENALES;3762;Palermo;Comuna 14
356;POINT (-58.4000218713924 -34.5954780712758);TITULO DESCONOCIDO;VIVIENDA MULTIFAMILIAR;LUIS SEOANE;PINTURA MURAL;0.0;S/M;HALL;AZCUENAGA 1074;AZCUENAGA 1074;AZCUENAGA;1086;Recoleta;Comuna 2
357;POINT (-58.4424632717594 -34.5709573537415);IMAGENES DE MI TIERRA;VIIVENDA MULTIFAMILIAR;PONCIANO CARDENAS CANEDO;MURAL CERAMICO;1970.0;S/M;;CABILDO AV. 563;AV. CABILDO 563;CABILDO AV.;569;Palermo;Comuna 14
358;POINT (-58.3924661520429 -34.5925647935628);MUSICOS Y LABRADORES;VIVIENDA MULTIFAMILIAR;LUIS SEOANE;PINTURA MURAL;1956.0;S/M;HALL;CALLAO AV. 1421;AV. CALLAO 1421;CALLAO AV.;1421;Recoleta;Comuna 2
359;POINT (-58.3866291197716 -34.5869444139401);JUGANDO CON MARIPOSAS;VIVIENDA MULTIFAMILIAR;CARLOS ALONSO;MURAL CERAMICO;1964.0;6 X 2;ACCESOA GARAGE;CALLAO AV. 2050;AV. CALLAO 2050;CALLAO AV.;2068;Recoleta;Comuna 2
360;POINT (-58.3972758197877 -34.6043676725255);TITULO DESCONOCIDO;VIVIENDA MULTIFAMILIAR;LUIS SEOANE;RELIEVE;1972.0;S/M;ACCESOA GARAGE;CORRIENTES AV. 2133;AV. CORRIENTES 2133;CORRIENTES AV.;2133;Balvanera;Comuna 3
361;POINT (-58.461277925318 -34.5735181089369);MARISQUERAS;VIVIENDA MULTIFAMILIAR;LUIS SEOANE;OLEO;1971.0;2 X 5;HALLDE ENTRADA;DE LOS INCAS AV. 3390;AV. DE LOS INCAS 3390;SUPERI;1485;Colegiales;Comuna 13
362;POINT (-58.4409248147297 -34.5627968919977);PUENTE;VIVIENDA MULTIFAMILIAR;SUSANA FEDRANO, RUBEN MANZO;RELIEVE EN BRONCE Y COBRE;1973.0;4 X 2.50;HALL;DEL LIBERTADOR AV. 5266;AV. DEL LIBERTADOR 5266;DEL LIBERTADOR AV.;5266;Palermo;Comuna 14
363;POINT (-58.4455944875512 -34.5958877387609);TITULO DESCONOCIDO;VIVIENDA MULTIFAMILIAR;ANTONIO BERNI;FRESCO;1943.0;S/M;HALL;JUSTO, JUAN B. AV. 2720;AV. JUAN B. JUSTO 2720;JUSTO, JUAN B. AV.;2706;Villa Crespo;Comuna 15
364;POINT (-58.4455944875512 -34.5958877387609);TITULO DESCONOCIDO;VIVIENDA MULTIFAMILIAR;DEMETRIO URRUCHUA;FRESCO;1943.0;S/M;HALL;JUSTO, JUAN B. AV. 2720;AV. JUAN B. JUSTO 2720;JUSTO, JUAN B. AV.;2706;Villa Crespo;Comuna 15
365;POINT (-58.3804272771064 -34.6045723607897);TITULO DESCONOCIDO;OFICINAS;ROBERTO MATTIELLO;ALTORELIEVE EN YESO Y COBRE;1962.0;4.00 X 10.00;HALL;SAENZ PEÑA, ROQUE, PRES. DIAGONAL NORTE AV. 950;AV. PTE. ROQUE SAENZ PEÑA 950;CARABELAS;344;San Nicolas;Comuna 1
366;POINT (-58.3953368855318 -34.6092377971785);LA CASA DE LOS LIRIOS;VIVIENDA MULTIFAMILIAR;EDUARDO RODRIGUEZ ORTEGA;RELIEVE;1905.0;IRREGULAR;FACHADA;RIVADAVIA AV. 2031;AV. RIVADAVIA 2031;RIVADAVIA AV.;2027;Balvanera;Comuna 3
367;POINT (-58.4133609185277 -34.610836780911);ORFEO;VIVIENDA MULTIFAMILIAR;VIRGINIO COLOMBO;MOSAICO DE VIDRIOS PINTADOS;1912.0;S/M;HALL;RIVADAVIA AV. 3320;AV. RIVADAVIA 3320;RIVADAVIA AV.;3320;Balvanera;Comuna 3
368;POINT (-58.4133609185277 -34.610836780911);SALOME;VIVIENDA MULTIFAMILIAR;VIRGINIO COLOMBO;MOSAICO DE VIDRIOS PINTADOS;1912.0;S/M;HALL;RIVADAVIA AV. 3320;AV. RIVADAVIA 3320;RIVADAVIA AV.;3320;Balvanera;Comuna 3
369;POINT (-58.4526807317709 -34.6253045290118);FUERZA - AMERICA;VIVIENDA MULTIFAMILIAR;PEREZ CELIS;ALTORELIEVE;1962.0;S/M;HALL;RIVADAVIA AV. 6140;AV. RIVADAVIA 6140;RIVADAVIA AV.;6140;Caballito;Comuna 6
370;POINT (-58.4603047069349 -34.6283075301288);TITULO DESCONOCIDO;VIVIENDA MULTIFAMILIAR;ROBERTO OBARRIO;CERAMICA Y LADRILLO DE MAQUINA;1965.0;S/M;HALL;RIVADAVIA AV. 6740;AV. RIVADAVIA 6740;RIVADAVIA AV.;6734;Flores;Comuna 7
371;POINT (-58.4193134131496 -34.5830906170384);EL DESARROLLLO MACIONAL;VIIVENDA MULTIFAMILIAR;LUIS FALCINI;RELIEVE;1951.0;S/M;HALL;SANTA FE AV. 3952;AV. SANTA FE 3952;SANTA FE AV.;3952;Palermo;Comuna 14
372;POINT (-58.4028903045444 -34.5889336907187);JINETES;VIVIENDA MULTIFAMILIAR;LUIS SEOANE;PINTURA MURALCON RESINAS SINTETICAS;1959.0;S/M;HALL;FRENCH 2778;FRENCH 2778;FRENCH;2772;Recoleta;Comuna 2
373;POINT (-58.3964047504708 -34.605777295075);TRES NIÑIOS;VIVIENDA MULTIFAMILIAR;CARLOS SESSANO;MURAL CERAMICO;1964.0;S/M;HALL;JUNIN 309;JUNIN 309;SARMIENTO;2093;Balvanera;Comuna 3
374;POINT (-58.4026323214782 -34.6112406320556);SIN TITULO;VIVIENDA MULTIFAMILIAR;VIRGINIO COLOMBO / ESCULTOR E. PASSINA;ALTORELIEVE;1912.0;S/M;FACHADA;YRIGOYEN, HIPOLITO 2562;HIPOLITO YRIGOYEN 2562;YRIGOYEN, HIPOLITO;2562;Balvanera;Comuna 3
375;POINT (-58.4538936564348 -34.5606412709691);EL CARRO DE LA LUNA / ESCENAS DE TAUROMAQUIA / FIGURAS;VIVIENDA MULTIFAMILIAR;LUIS SEOANE;PINTURA MURAL;1958.0;S/M;HALL;JURAMENTO AV. 2120;JURAMENTO 2120;JURAMENTO AV.;2120;Belgrano;Comuna 13
376;POINT (-58.4497144913092 -34.5624112949232);BARCAS;VIVIENDA MULTIFAMILIAR;ORLANDO PIERRI;MURAL CERAMICO;1967.0;S/M;HALL;LA PAMPA 1924;LA PAMPA 1924;LA PAMPA;1920;Belgrano;Comuna 13
377;POINT (-58.4511583974485 -34.5632665821211);PERSONAJES, LA GUITARRA;VIVIENDA MULTIFAMILIAR;JUAN BATLLE PLANAS;PINTURA MURAL;1965.0;S/M;;LA PAMPA 2088;LA PAMPA 2088;ARCOS;1785;Belgrano;Comuna 13
378;POINT (-58.4026849459627 -34.5993453936599);PLENITUD;VIVIENDA MULTIFAMILIAR;OSCAR CAPRISTO;MURAL CERAMICO;1962.0;S/M;HALL;LARREA 790;LARREA 790;LARREA;798;Balvanera;Comuna 3
379;POINT (-58.3872656531549 -34.6120451035859);SIN TITULO;VIVIENDA MULTIFAMILIAR;JULIAN GARCIA;MURAL CERAMICO;1911.0;S/M;FACHADA;SAENZ PEÑA, LUIS, PRES. 274;LUIS SAENZ PEÑA 274;SAENZ PE\u00d1A, LUIS, PRES.;274;Monserrat;Comuna 1
380;POINT (-58.4865721821562 -34.5595902823325);LOS MITOS;VIVIENDA INDIVIDUAL;ARIOSTO OTERO;ESGRAFIADO;2003.0;9.40 X 4;MEDIANERA FONDO DE LA VIV.;MACHAIN 3553;MACHAIN 3553;MACHAIN;3557;Saavedra;Comuna 12
381;POINT (-58.3848972285814 -34.588451470135);LAS CARRETAS;VIVIENDA MULTIFAMILIAR;LUIS SEOANE;CERAMICA Y RESINAS SINTETICAS;1956.0;5 X 2.50;HALL;MONTEVIDEO 1920;MONTEVIDEO 1920;MONTEVIDEO;1910;Recoleta;Comuna 2
382;POINT (-58.3838605332677 -34.5879753007164);;VIVIENDA MULTIFAMILIAR;LUIS SEOANE;;0.0;S/M;HALL;MONTEVIDEO 1985;MONTEVIDEO 1985;DEL LIBERTADOR AV.;792;Retiro;Comuna 1
383;POINT (-58.4156872718335 -34.583726829519);;VIVIENDA MULTIFAMILIAR;ANTONIO BERNI;PINTURA MURAL;0.0;S/M;HALL;REPUBLICA ARABE SIRIA 2637;REPUBLICA ARABE SIRIA 2637;REPUBLICA ARABE SIRIA;2639;Palermo;Comuna 14
384;POINT (-58.467411739469 -34.565769156492);SIN TITULO;VIVIENDA INDIVIDUAL;LUIS SEOANE;PIEDRA PICADA RECONSTITUIDA;1954.0;S/M;INTERIOR;OLAZABAL 3340;OLAZABAL 3340;OLAZABAL;3340;Belgrano;Comuna 13
385;POINT (-58.3851032301737 -34.5979659841198);SEIS MUJERES;VIVIENDA MULTIFAMILIAR;JUAN MANUEL SANCHEZ;PINTURA MURAL;1983.0;S/M;HALL;PARAGUAY 1269;PARAGUAY 1269;PARAGUAY;1275;Retiro;Comuna 1
386;POINT (-58.3856858898988 -34.5980039737326);TITULO DESCONOCIDO;VIVIENDA MULTIFAMILIAR;JUAN CARLOS CASTAGNINO;PINTURA MURAL;1959.0;S/M;HALL;PARAGUAY 1307;PARAGUAY 1307;TALCAHUANO;908;Retiro;Comuna 1
387;POINT (-58.3859500579507 -34.5983850616242);ESCENAS PASTORILES;LA CASA DE LOS AZULEJOS;PIO PINZAUTI;MURAL CERAMICO;1911.0;S/M;FACHADA;PARAGUAY 1330;PARAGUAY 1330;PARAGUAY;1330;Retiro;Comuna 1
388;POINT (-58.4036818715645 -34.6011251402503);SIN TITULO;VIVIENDA MULTIFAMILIAR;JULIAN GARCIA;ALTORELIEVE;1910.0;S/M;FACHADA;PASO 684;PASO 684;VIAMONTE;2612;Balvanera;Comuna 3
389;POINT (-58.4468688352528 -34.5650442944521);HOMBRE TEMPORAL;VIVIENDA MULTIFAMILIAR;SUSANA FEDRANO, RUBEN MANZO;RELIEVE EN BRONCE Y COBRE;1973.0;S/M;HALL;3 DE FEBRERO 1479;TRES DE FEBRERO 1479;3 DE FEBRERO;1483;Belgrano;Comuna 13
390;POINT (-58.4105197184632 -34.6109205551479);ALEGORIAS DE LA CIUDAD MODERNA;VIVIENDA MULTIFAMILIAR;ANTONIO BERNI;FRESCO;1936.0;3 X 3;HALL;URQUIZA, GRAL. 41;URQUIZA 41;URQUIZA, Gral.;41;Balvanera;Comuna 3
391;POINT (-58.4105197184632 -34.6109205551479);ALEGORIAS DE LA CIUDAD MODERNA;VIVIENDA MULTIFAMILIAR;ANTONIO BERNI;FRESCO;1936.0;3 X 3;HALL;URQUIZA, GRAL. 41;URQUIZA 41;URQUIZA, Gral.;41;Balvanera;Comuna 3
392;POINT (-58.3962187290946 -34.6011441220141);TITULO DESCONOCIDO;VIVIENDA MULTIFAMILIAR;ADOLFO DE FERRARI;MURAL CERAMICO;1950.0;S/M;HALL;VIAMONTE 2040;VIAMONTE 2040;VIAMONTE;2040;Balvanera;Comuna 3
393;POINT (-58.4040804727939 -34.601096805753);TITULO DESCONOCIDO;VIVIENDA MULTIFAMILIAR;JUAN CARLOS CASTAGNINO;FRESCO;1947.0;2 X 1.50;HALL;VIAMONTE 2660;VIAMONTE 2660;VIAMONTE;2660;Balvanera;Comuna 3
394;POINT (-58.3791901828715 -34.5999383302073);ALEGORIA;OFICINAS;LINO ENEA SPILIMBERGO;PINTURA MURAL;1955.0;2.00 X 2.00;HALL;VIAMONTE 867;VIAMONTE 867;VIAMONTE;869;San Nicolas;Comuna 1
395;POINT (-58.4551769131214 -34.5866869336881);EL PROGRESO DE LA MESOPOTAMIA;ESTACCION LACROZE, EX FFCC URQUIZA;LUIS PERLOTTI;ALTORELIEVE;1934.0;1.50 X 8;HALL;LACROZE, FEDERICO AV. 4183;AV. FEDERICO LACROZE 4183;LACROZE, FEDERICO AV.;4188;Chacarita;Comuna 15
396;POINT (-58.4772788215663 -34.6770414107027);EL TREN LECHERO;EST. LUGANO FCG.M.BELGRANO;HECTOR RAPISARDA;PINTURA MURAL;1992.0;S/M;FACHADA;SOMELLERA y LEGUIZAMON, MARTINIANO;SOMELLERA Y M. LEGUIZAMON;LEGUIZAMON, MARTINIANO;4098;Villa Lugano;Comuna 8
397;POINT (-58.4772788215663 -34.6770414107027);LA LLEGADA DE LOS INMIGRANTES;EST. LUGANO FCG.M.BELGRANO;HECTOR RAPISARDA;PINTURA MURAL;1992.0;S/M;FACHADA;SOMELLERA y LEGUIZAMON, MARTINIANO;SOMELLERA Y M. LEGUIZAMON;LEGUIZAMON, MARTINIANO;4098;Villa Lugano;Comuna 8
398;POINT (-58.3619906258523 -34.6315185461721);POR PAN Y POR TRABAJO;EDIFICIO INDUSTRIAL;TALLER MURAL QUNQA, CENTRO DE EST. IUNA;PINTURA MURAL;2002.0;2 X 3;FACHADA;BROWN, ALTE. AV. 735;AV. ALMIRANTE BROWN 735;BROWN, ALTE. AV.;739;Boca;Comuna 4
399;POINT (-58.367622981652 -34.6272158539994);ENTRADA A LA BOCA;;OMAR GASPARINI;TECNICA MIXTA;1999.0;S/M;FACHADA;BROWN, ALTE. AV. 38;AV. ALMIRANTE BROWN 38;BROWN, ALTE. AV.;38;Boca;Comuna 4
400;POINT (-58.3775853211106 -34.6128500303243);A NUESTROS HERMANOS DE AMERICA;PLAZA BELGRANO;"NILDA NOEMI MUNU"" ACTIS GORETTA Y COL.""";PINTURA MURAL;1994.0;S/M;MURO DIVISORIO;BELGRANO AV. y PIEDRAS;AV. BELGRANO Y PIEDRAS;PIEDRAS;399;Monserrat;Comuna 1
401;POINT (-58.3806856860316 -34.6090019063979);LA CIUDAD CONTRA LA PARED;EDIFICIO DE VIVIENDAS;ALFREDO SEGATORI (PELADO);PINTURA MURAL;2001.0;S/M;FACHADAFRENTE;DE MAYO AV. e IRIGOYEN, BERNARDO DE;AV. DE MAYO Y BERNARDO DE IRIGOYEN;DE MAYO AV.;1001;Monserrat;Comuna 1
402;POINT (-58.3680635139605 -34.62407085032);MURAL EDUCACION O ESCLAVITUD;;TALLER MURALISTA DE LA UTE;PINTURA MURAL;2001.0;20 X 5;MEDIANERA;GARAY, JUAN DE AV. y PASEO COLON AV.;AV.GARAY Y AV. PASEO COLON;PASEO COLON AV.;1408;San Telmo;Comuna 1
403;POINT (-58.3698017083908 -34.6171645791492);TANGO;PLAZOLETA EDMUNDO RIVERO;"NILDA NOEMI MUNU"" ACTIS GORETTA Y COL.""";PINTURA MURAL;1993.0;S/M;MEDIANERA;INDEPENDENCIA AV. y PASEO COLON AV.;AV. INDEPENDENCIA Y AV. PASEO COLON;PASEO COLON AV.;801;San Telmo;Comuna 1
404;POINT (-58.3698017083908 -34.6171645791492);TITULO DESCONOCIDO;PLAZ. EDMUNDO RIVERO;EDUARDO NALE / JORGE MUSCIA;PINTURA MURAL;1990.0;S/M;MEDIANERA;INDEPENDENCIA AV. y PASEO COLON AV.;AV. INDEPENDENCIA Y AV. PASEO COLON;PASEO COLON AV.;801;San Telmo;Comuna 1
405;POINT (-58.4237303798264 -34.6401463498683);ENRIQUE SANTOS DISCEPOLO;FACHADA ESQ. AV. LA PLATA Y PASAJE BUTTELER;CARLOS TERRIBILI;PINTURA MURAL;1998.0;S/M;FACHADA;LA PLATA AV. 2193;AV. LA PLATA 2193;COBO AV.;507;Parque Chacabuco;Comuna 7
406;POINT (-58.3680393221361 -34.6222215041083);HOMENAJE A LOS DESAPARECIDOS;"EX CENTRO EL ATLETICO""""";GRUPO TOTEM;ESMALTE SINTETICO, FIGURAS EN HIERRO;1995.0;S/M;COLUMNA AUTOPISTA;PASEO COLON AV. 1250;AV. PASEO COLON 1250;PASEO COLON AV.;1223;San Telmo;Comuna 1
407;POINT (-58.3575469967242 -34.6383831689204);TRABAJO;EX PROVEEDURIA DEL SUR;VINCENT WALTER;RELIEVE EN CEMENTO;1980.0;15 X 2;FACHADA;DON PEDRO DE MENDOZA AV. 1629;AV. PEDRO DE MENDOZA 1629;DON PEDRO DE MENDOZA AV.;1617;Boca;Comuna 4
408;POINT (-58.361426152127 -34.6401865343128);HOMENAJE A LA BOCA;;CRISTINA TERZAGHI;MURAL ESGRAFIADO;1999.0;4 X 19;FACHADA;DON PEDRO DE MENDOZA AV. 2002;AV. PEDRO DE MENDOZA 2002;DON PEDRO DE MENDOZA AV.;1973;Boca;Comuna 4
409;POINT (-58.372148797068 -34.621685257109);SAN TELMO, QUE HAY DE NUEVO;GARAGE COMERCIAL;DIEGO PERROTTA;PINTURA MURAL;2005.0;S/M;FACHADA;SAN JUAN AV. 455;AV. SAN JUAN 455;SAN JUAN AV.;451;San Telmo;Comuna 1
410;POINT (-58.372148797068 -34.621685257109);SAN TELMO, QUE HAY DE NUEVO;GARAGE COMERCIAL;NASO;PINTURA MURAL;2004.0;S/M;FACHADA;SAN JUAN AV. 455;AV. SAN JUAN 455;SAN JUAN AV.;451;San Telmo;Comuna 1
411;POINT (-58.3584626287158 -34.6343230833961);PERIODISTAS - LA FILMACION;B/PUENTE N.AVELLANEDA;GRUPO ESTEBAN FERREIRA;PINTURA MURAL;1992.0;S/M;;BRANDSEN 350;BRANDSEN 350;BRANDSEN;360;Boca;Comuna 4
412;POINT (-58.3743030075649 -34.6469854222266);MURAL POR TRABAJO, DIGNIDAD Y CAMBIO SOCIAL;AUTOPISTA 9 DE JULIO;TALLER MURALISTA DE LA UTE;PINTURA MURAL;2001.0;IRREGULAR;PLANO INCLINADO AUTOPISTA;CALIFORNIA y HORNOS, GRAL.;CALIFORNIA Y GRAL. HORNOS;CALIFORNIA;1795;Barracas;Comuna 4
413;POINT (-58.4480560393108 -34.6062458240162);GUERNICA;EDIFICIO INDUSTRIAL;ALUMN. DE ESC. PRILIDIANO PUEYRREDON;PINTURA MURAL;1984.0;3.49 X 7.77;FACHADA;FIGUEROA, D. APOLINARIO, CORONEL 600;CORONEL APOLINARIO FIGUEROA 600;ROJAS;1285;Villa Crespo;Comuna 15
414;POINT (-58.3720265220641 -34.614488672125);HOMENAJE AL ROTARY DE SAN TELMO;SOBRE LINEA OFICIAL DE EDIFCACION;ALBERTO ARREGUI, ALUMN.ESC.PUEYRREDON;ESMALTE SINTETICO S/CHAPA;1991.0;5 X 2;S/LINEA MUNICIPAL;DEFENSA 573;DEFENSA 573;DEFENSA;563;Monserrat;Comuna 1
415;POINT (-58.3683360886899 -34.6367215700058);"TRANSPORTE JOSE BERALDI S.A.""""";EDIFICIO INDUSTRIAL;VINCENT WALTER;ALTORELIEVE EN CEMENTO COLOREADO;1980.0;3 X 2;FACHADA;HERNANDARIAS 845;HERNANDARIAS 845;HERNANDARIAS;843;Boca;Comuna 4
416;POINT (-58.3683360886899 -34.6367215700058);LA FIESTA;EDIFICIO INDUSTRIAL;VINCENT WALTER;ALTORELIEVE EN CEMENTO COLOREADO;1980.0;3 X 2;FACHADA;HERNANDARIAS 845;HERNANDARIAS 845;HERNANDARIAS;843;Boca;Comuna 4
417;POINT (-58.3745373662307 -34.6160871174382);EN RECUERDO DE LA MASACRE DE TRELEW;PLAZOLETA RODOLFO WALSH;;PINTURA MURAL;1990.0;S/M;MURO DIVISORIO;PERU y CHILE;PERU Y CHILE;PERU;701;San Telmo;Comuna 1
418;POINT (-58.3624010018425 -34.6344979603594);CAMINITO;;VINCENT WALTER;ALTORELIEVE EN CEMENTO COLOREADO;1989.0;3 X 2;FACHADA;PINZON 567;PINZON 567;PINZON;571;Boca;Comuna 4
419;POINT (-58.3702746686521 -34.6166043000222);TITULO DESCONOCIDO;FACHADA;GIAMPIETRO / JAIME / NOLA;PINTURA MURAL;1995.0;15 X 2;MURO LINEA MUNICIPAL;SAN LORENZO y BALCARCE;SAN LORENZO Y BALCARCE;SAN LORENZO;302;San Telmo;Comuna 1
420;POINT (-58.4015672772429 -34.6390533212159);ESCENA URBANA;FACHADA;GRUPO MURALISTA DE RICARDO VILLAR;PINTURA MURAL;1996.0;740;FACHADA;USPALLATA 2802;USPALLATA 2802;LAVARDEN;210;Parque Patricios;Comuna 4
