long,lat,id,linea,estacion,numero_de_,destino_bo,lineas_de_,cierra_fin,escalera_p,escalera_m,ascensor,rampa,salvaescal,calle,altura,calle2,barrio,comuna,observacio,Objeto,dom_norma,dom_orig
-58.3840678491549,-34.6021056176248,1,D,TRIBUNALES - TEATRO COLÓN,4,a Catedral y Congreso de Tucumán,,True,True,False,False,False,False,Libertad,556,,San Nicolas,Comuna 1,Andén central,Boca de subte,LIBERTAD 556,Libertad 556
-58.3843723055347,-34.6023944587686,2,D,TRIBUNALES - TEATRO COLÓN,5,a Catedral y Congreso de Tucumán,,True,True,False,False,False,False,Lavalle,1221,,San Nicolas,Comuna 1,Andén central,Boca de subte,LAVALLE 1221,Lavalle 1221
-58.3972499423143,-34.5878038772456,3,H,LAS HERAS,1,a Hospitales,,False,True,True,False,False,False,Pueyrredon,2199,,,,Vestíbulo intermedio,Boca de subte,,Pueyrredon 2199
-58.4039666149165,-34.5987326431427,4,H,CÓRDOBA,1,a Las Heras y Hopitales,,False,True,True,True,False,False,Pueyrredon,984,,,,Vestíbulo intermedio,Boca de subte,,Pueyrredon 984
-58.4054057644512,-34.6038839232256,5,H,CORRIENTES,6,a Las Heras y Hospitales,B,False,False,False,True,False,False,Pueyrredón,558,,,,Vestíbulo intermedio,Boca de subte,,Pueyrredón 558
-58.4052371934884,-34.604169687116,6,H,CORRIENTES,3,a Las Heras y Hospitales,B,False,True,False,False,False,False,Pueyrredón,539,,,,Vestíbulo intermedio,Boca de subte,,Pueyrredón 539
-58.4050865477138,-34.6035504029818,7,H,CORRIENTES,1,Salida únicamente,B,False,False,True,False,False,False,Pueyrredón,589,,,,Salida únicamente,Boca de subte,,Pueyrredón 589
-58.4053121101366,-34.6035012444988,8,H,CORRIENTES,2,a Las Heras y Hospitales,B,False,True,False,False,False,False,Pueyrredón,590,,,,Vestíbulo intermedio,Boca de subte,,Pueyrredón 590
-58.4053520242245,-34.6036782701799,9,H,CORRIENTES,4,Salida únicamente,B,False,False,True,False,False,False,Pueyrredón,574,,,,Salida únicamente,Boca de subte,,Pueyrredón 574
-58.3973860117587,-34.6230746589813,10,E,PICHINCHA,1,a Retiro y Plaza de los Virreyes,,False,True,False,False,False,False,San Juan,2277,,,,Vestíbulo intermedio,Boca de subte,,San Juan 2277
-58.3970349162311,-34.6230276879668,11,E,PICHINCHA,3,a Retiro y Plaza de los Virreyes,,False,True,False,False,False,False,San Juan,2245,,,,Vestíbulo intermedio,Boca de subte,,San Juan 2245
-58.3973383456719,-34.6232758394604,12,E,PICHINCHA,4,a Retiro y Plaza de los Virreyes,,False,True,False,False,False,False,San Juan,2266,,,,Vestíbulo intermedio,Boca de subte,,San Juan 2266
-58.3969905337852,-34.6232315157021,13,E,PICHINCHA,2,a Retiro y Plaza de los Virreyes,,False,True,False,False,False,False,San Juan,2254,,,,Vestíbulo intermedio,Boca de subte,,San Juan 2254
-58.3917454880174,-34.6226516085745,14,E,ENTRE RIOS - RODOLFO WALSH,1,a Retiro y Plaza de los Virreyes,,False,True,False,False,False,False,San Juan,1809,,,,Vestíbulo intermedio,Boca de subte,,San Juan 1809
-58.4551830835685,-34.5867982838458,15,B,FEDERICO LACROZE,6,a L. N. Alem,,False,True,False,False,False,False,Federico Lacroze,680,,,,Andén a Leandro N. Alem,Boca de subte,,Federico Lacroze 680
-58.4056377847633,-34.6047427980509,16,B,PUEYRREDON,2,a L. N. Alem y J. M. de Rosas,H,False,True,False,False,False,False,Pueyrredón,496,,,,Vestíbulo intermedio,Boca de subte,,Pueyrredón 496
-58.4055197713612,-34.6043682500182,17,B,PUEYRREDON,1,a L. N. Alem y J. M. de Rosas,H,False,True,False,False,False,False,Pueyrredón,510,,,,Vestíbulo intermedio,Boca de subte,,Pueyrredón 510
-58.3982823428569,-34.6095432874133,18,A,PASCO,3,a Plaza de Mayo,,False,True,False,False,False,False,Rivadavia,2243,,,,Solo anden a Plaza de Mayo,Boca de subte,,Rivadavia 2243
-58.3986691942837,-34.609570070278,19,A,PASCO,1,a Plaza de Mayo,,False,True,False,False,False,False,Rivadavia,2283,,,,Solo anden a Plaza de Mayo,Boca de subte,,Rivadavia 2283
-58.392680374036,-34.6091377398446,20,A,CONGRESO - PDTE. DR. RAÚL ALFONSÍN,1,a Plaza de Mayo,,False,True,False,False,False,False,Rivadavia,1837,,,,Solo anden a Plaza de Mayo,Boca de subte,,Rivadavia 1837
-58.3930104502719,-34.609349615745,21,A,CONGRESO - PDTE. DR. RAÚL ALFONSÍN,2,Salida unicamente,,False,False,True,False,False,False,Rivadavia,1864,,,,Salida unicamente,Boca de subte,,Rivadavia 1864
-58.3926626257408,-34.6093309032097,22,A,CONGRESO - PDTE. DR. RAÚL ALFONSÍN,4,a San Pedrito,,False,True,False,False,False,False,Rivadavia,1820,,,,Solo anden a San Pedrito,Boca de subte,,Rivadavia 1820
-58.3923680169221,-34.6091050490805,23,A,CONGRESO - PDTE. DR. RAÚL ALFONSÍN,3,Salida unicamente,,False,False,True,False,False,False,Rivadavia,1815,,,,Salida unicamente,Boca de subte,,Rivadavia 1815
-58.4028219030811,-34.5952234173066,24,D,PUEYRREDON,3,a Catedral y Congreso de Tucumán,H,False,True,False,False,False,False,Puerredón,1340,,,,Andén central,Boca de subte,,Puerredón 1340
-58.3706685126922,-34.6087035224052,25,A,PLAZA DE MAYO,3,a San Pedrito,,False,True,False,False,False,False,Hipólito Yrigoyen,299,,Monserrat,Comuna 1,Andén Central,Boca de subte,"YRIGOYEN, HIPOLITO AV. 299",Hipólito Yrigoyen 299
-58.3699970382755,-34.6089412404332,26,A,PLAZA DE MAYO,2,a San Pedrito,,False,True,False,False,False,False,Hipólito Yrigoyen,250,,Monserrat,Comuna 1,Andén Central,Boca de subte,"YRIGOYEN, HIPOLITO AV. 250",Hipólito Yrigoyen 250
-58.3718161353078,-34.6087869119957,27,A,PLAZA DE MAYO,1,a San Pedrito,,True,True,False,False,False,False,Hipólito Yrigoyen,399,,Monserrat,Comuna 1,Andén Central,Boca de subte,"YRIGOYEN, HIPOLITO AV. 399",Hipólito Yrigoyen 399
-58.3739915502154,-34.6084332539155,28,A,PERU,5,a Pza. de Mayo,E-D,True,True,False,False,False,False,Avenida de Mayo,567,,Monserrat,Comuna 1,Sólo andén a Pza. de Mayo,Boca de subte,DE MAYO AV. 567,Avenida de Mayo 567
-58.374368353986,-34.6084684968012,29,A,PERU,3,Salida Únicamente,E-D,False,False,True,False,False,False,Avenida de Mayo,597,,Monserrat,Comuna 1,Salida Únicamente,Boca de subte,DE MAYO AV. 597,Avenida de Mayo 597
-58.3738605085306,-34.6086377492182,30,A,PERU,6,a San Pedrito,E-D,False,False,True,False,False,False,Avenida de Mayo,556,,Monserrat,Comuna 1,Sólo andén a San Pedrito,Boca de subte,DE MAYO AV. 556,Avenida de Mayo 556
-58.3743564522875,-34.6086805334336,31,A,PERU,4,a Pza. de Mayo,E-D,False,True,False,False,False,False,Avenida de Mayo,600,,Monserrat,Comuna 1,Sólo andén a San Pedrito,Boca de subte,DE MAYO AV. 600,Avenida de Mayo 600
-58.3786809630826,-34.6089709565305,32,A,PIEDRAS,2,a San Pedrito,,False,True,False,False,False,False,Avenida de Mayo,866,,Monserrat,Comuna 1,Solo anden a San Pedrito,Boca de subte,DE MAYO AV. 866,Avenida de Mayo 866
-58.3787193169857,-34.6087653388349,33,A,PIEDRAS,1,a Plaza de Mayo,,False,True,False,False,False,False,Avenida de Mayo,869,,Monserrat,Comuna 1,Solo anden a Plaza de Mayo,Boca de subte,DE MAYO AV. 869,Avenida de Mayo 869
-58.3783081751575,-34.6089484916123,34,A,PIEDRAS,4,a San Pedrito,,False,True,False,False,False,False,Avenida de Mayo,840,,Monserrat,Comuna 1,Solo anden a San Pedrito,Boca de subte,DE MAYO AV. 840,Avenida de Mayo 840
-58.3783188050851,-34.6087358606999,35,A,PIEDRAS,3,Salida unicamente,,False,False,True,False,False,False,Avenida de Mayo,839,,Monserrat,Comuna 1,Salida unicamente,Boca de subte,DE MAYO AV. 839,Avenida de Mayo 839
-58.3824171004639,-34.6092347600339,36,A,LIMA,4,a San Pedrito,C,False,True,False,False,False,False,Avenida de Mayo,1130,,Monserrat,Comuna 1,Solo anden a San Pedrito,Boca de subte,DE MAYO AV. 1130,Avenida de Mayo 1130
-58.3824349786336,-34.6090155279408,37,A,LIMA,3,Salida unicamente,C,False,False,True,False,False,False,Avenida de Mayo,1129,,Monserrat,Comuna 1,Salida unicamente,Boca de subte,DE MAYO AV. 1129,Avenida de Mayo 1129
-58.3827488721215,-34.6090407229121,38,A,LIMA,1,a Plaza de Mayo,C,False,True,False,False,False,False,Avenida de Mayo,1157,,Monserrat,Comuna 1,Solo anden a Plaza de Mayo,Boca de subte,DE MAYO AV. 1157,Avenida de Mayo 1157
-58.3827948596929,-34.6092552306389,39,A,LIMA,2,a San Pedrito,C,False,True,False,False,False,False,Avenida de Mayo,1156,,Monserrat,Comuna 1,Solo anden a San Pedrito,Boca de subte,DE MAYO AV. 1156,Avenida de Mayo 1156
-58.3865661989038,-34.6095085863597,40,A,SAENZ PEÑA,4,a San Pedrito,,False,True,False,False,False,False,Avenida de Mayo,1430,,Monserrat,Comuna 1,Solo anden a San Pedrito,Boca de subte,DE MAYO AV. 1430,Avenida de Mayo 1430
-58.3865805439127,-34.6093084705352,41,A,SAENZ PEÑA,3,Salida unicamente,,False,False,True,False,False,False,Avenida de Mayo,1431,,Monserrat,Comuna 1,Salida unicamente,Boca de subte,DE MAYO AV. 1431,Avenida de Mayo 1431
-58.3870194552684,-34.6095456097624,42,A,SAENZ PEÑA,2,Salida unicamente,,False,False,True,False,False,False,Avenida de Mayo,1480,,Monserrat,Comuna 1,Salida unicamente,Boca de subte,DE MAYO AV. 1480,Avenida de Mayo 1480
-58.3870377273487,-34.6093283204226,43,A,SAENZ PEÑA,1,a Plaza de Mayo,,False,True,False,False,False,False,Avenida de Mayo,1487,,Monserrat,Comuna 1,Solo anden a Plaza de Mayo,Boca de subte,DE MAYO AV. 1487,Avenida de Mayo 1487
-58.4010391387775,-34.6099411157351,44,A,ALBERTI,2,a San Pedrito,,False,True,False,False,False,False,Rivadavia,2450,,Balvanera,Comuna 3,Solo anden a San Pedrito,Boca de subte,RIVADAVIA AV. 2450,Rivadavia 2450
-58.4007281407058,-34.6099124093555,45,A,ALBERTI,4,a San Pedrito,,False,True,False,False,False,False,Rivadavia,2408,,Balvanera,Comuna 3,Solo anden a San Pedrito,Boca de subte,RIVADAVIA AV. 2408,Rivadavia 2408
-58.4066197226993,-34.6102746554203,46,A,PLAZA MISERERE,1,a Plaza de Mayo y San Pedrito,H,False,True,False,False,False,False,Rivadavia,2836,,Balvanera,Comuna 3,Vestibulo intermedio,Boca de subte,RIVADAVIA AV. 2836,Rivadavia 2836
-58.4070028175776,-34.6102897504497,47,A,PLAZA MISERERE,2,a Plaza de Mayo y San Pedrito,H,False,True,False,False,False,False,Rivadavia,2860,,Balvanera,Comuna 3,Vestibulo intermedio,Boca de subte,RIVADAVIA AV. 2860,Rivadavia 2860
-58.4065807768747,-34.6100278289863,48,A,PLAZA MISERERE,3,a Plaza de Mayo y San Pedrito,H,False,True,False,False,False,False,Rivadavia,2829,,Balvanera,Comuna 3,Vestibulo intermedio,Boca de subte,RIVADAVIA AV. 2829,Rivadavia 2829
-58.406876743847,-34.610042080708,49,A,PLAZA MISERERE,4,a Plaza de Mayo y San Pedrito,H,False,True,False,False,False,False,Rivadavia,2837,,Balvanera,Comuna 3,Vestibulo intermedio,Boca de subte,RIVADAVIA AV. 2837,Rivadavia 2837
-58.4062256246894,-34.6093567533449,50,A,PLAZA MISERERE,5,a Plaza de Mayo y San Pedrito,H,False,True,False,False,False,False,B.Mitre,2802,,Balvanera,Comuna 3,Vestibulo intermedio,Boca de subte,"MITRE, BARTOLOME 2802",B.Mitre 2802
-58.4061803963753,-34.6090666304754,51,A,PLAZA MISERERE,10,a Plaza de Mayo y San Pedrito,H,False,True,True,False,False,False,B.Mitre,2820,,Balvanera,Comuna 3,Vestibulo intermedio,Boca de subte,"MITRE, BARTOLOME 2820",B.Mitre 2820
-58.4058373186737,-34.6085386193,52,A,PLAZA MISERERE,7,a Plaza de Mayo y San Pedrito,H,False,True,False,False,False,False,Pueyrredón,123,,Balvanera,Comuna 3,Vestibulo intermedio,Boca de subte,PUEYRREDON AV. 123,Pueyrredón 123
-58.4062820538246,-34.608448059814,53,A,PLAZA MISERERE,8,a Plaza de Mayo y San Pedrito,H,False,True,False,False,False,False,Pueyrredón,136,,Balvanera,Comuna 3,Vestibulo intermedio,Boca de subte,PUEYRREDON AV. 136,Pueyrredón 136
-58.4150939762167,-34.6106901574639,55,A,LORIA,3,a Plaza de Mayo,,False,True,False,False,False,False,Rivadavia,3431,,Almagro,Comuna 5,Solo anden a Plaza de Mayo,Boca de subte,RIVADAVIA AV. 3431,Rivadavia 3431
-58.4149002042816,-34.6108602053347,56,A,LORIA,4,a San Pedrito,,False,True,False,False,False,False,Rivadavia,3434,,Almagro,Comuna 5,Solo anden a San Pedrito,Boca de subte,RIVADAVIA AV. 3434,Rivadavia 3434
-58.4153385245978,-34.6106986429253,57,A,LORIA,1,a Plaza de Mayo,,False,True,False,False,False,False,Rivadavia,3463,,Almagro,Comuna 5,Solo anden a Plaza de Mayo,Boca de subte,RIVADAVIA AV. 3463,Rivadavia 3463
-58.4153199886375,-34.6108914175121,58,A,LORIA,2,Salida unicamente,,False,False,True,False,False,False,Rivadavia,3466,,Almagro,Comuna 5,Salida unicamente,Boca de subte,RIVADAVIA AV. 3466,Rivadavia 3466
-58.4214965270379,-34.6117923750206,59,A,CASTRO BARROS,4,Salida unicamente,,False,False,True,False,False,False,Rivadavia,3928,,Almagro,Comuna 5,Salida unicamente,Boca de subte,RIVADAVIA AV. 3928,Rivadavia 3928
-58.4215760259624,-34.6116083691185,60,A,CASTRO BARROS,3,a Plaza de Mayo,,False,True,False,False,False,False,Rivadavia,3929,,Almagro,Comuna 5,Solo anden a Plaza de Mayo,Boca de subte,RIVADAVIA AV. 3929,Rivadavia 3929
-58.4218921493276,-34.6117456511489,61,A,CASTRO BARROS,1,a Plaza de Mayo,,False,True,False,False,False,False,Rivadavia,3959,,Almagro,Comuna 5,Solo anden a Plaza de Mayo,Boca de subte,RIVADAVIA AV. 3959,Rivadavia 3959
-58.4218274047385,-34.6119314570416,62,A,CASTRO BARROS,2,a San Pedrito,,False,True,False,False,False,False,Rivadavia,3960,,Almagro,Comuna 5,Solo anden a San Pedrito,Boca de subte,RIVADAVIA AV. 3960,Rivadavia 3960
-58.4295579822952,-34.6151357374411,63,A,RIO DE JANEIRO,1,a Plaza de Mayo,,False,True,False,False,False,False,Rivadavia,4541,,Almagro,Comuna 5,Solo anden a Plaza de Mayo,Boca de subte,RIVADAVIA AV. 4541,Rivadavia 4541
-58.4292099563761,-34.6149813858401,64,A,RIO DE JANEIRO,3,a Plaza de Mayo,,False,True,False,False,False,False,Rivadavia,4503,,Almagro,Comuna 5,Solo anden a Plaza de Mayo,Boca de subte,RIVADAVIA AV. 4503,Rivadavia 4503
-58.4294686582769,-34.615327911877,65,A,RIO DE JANEIRO,2,a San Pedrito,,False,True,False,False,False,False,Rivadavia,4502,,Caballito,Comuna 6,Solo anden a San Pedrito,Boca de subte,RIVADAVIA AV. 4502,Rivadavia 4502
-58.4358863351696,-34.6179271671427,66,A,ACOYTE,3,a Plaza de Mayo,,False,True,False,False,False,False,Rivadavia,4965,,Caballito,Comuna 6,Solo anden a Plaza de Mayo,Boca de subte,RIVADAVIA AV. 4965,Rivadavia 4965
-58.435765551866,-34.6181046096987,67,A,ACOYTE,4,a San Pedrito,,False,True,False,False,False,False,Rivadavia,4976,,Caballito,Comuna 6,Solo anden a San Pedrito,Boca de subte,RIVADAVIA AV. 4976,Rivadavia 4976
-58.4361633943507,-34.6182944879009,68,A,ACOYTE,2,a San Pedrito,,False,False,True,False,False,False,Rivadavia,4994,,Caballito,Comuna 6,Solo anden a San Pedrito,Boca de subte,RIVADAVIA AV. 4994,Rivadavia 4994
-58.4362519178479,-34.6180971411152,69,A,ACOYTE,1,a Plaza de Mayo,,False,True,False,False,False,False,Rivadavia,4995,,Caballito,Comuna 6,Solo anden a Plaza de Mayo,Boca de subte,RIVADAVIA AV. 4995,Rivadavia 4995
-58.4358000871362,-34.6178936805195,70,A,ACOYTE,5,a Plaza de Mayo,,False,False,False,True,False,False,Rivadavia,4963,,Caballito,Comuna 6,Solo anden a Plaza de Mayo,Boca de subte,RIVADAVIA AV. 4963,Rivadavia 4963
-58.4356878693673,-34.618071043114,71,A,ACOYTE,6,a San Pedrito,,False,False,False,True,False,False,Rivadavia,4960,,Caballito,Comuna 6,Solo anden a San Pedrito,Boca de subte,RIVADAVIA AV. 4960,Rivadavia 4960
-58.4412926924192,-34.6203346387924,72,A,PRIMERA JUNTA,1,a Plaza de Mayo y San Pedrito,,True,True,False,False,False,False,Rivadavia,5391,,Caballito,Comuna 6,Vestíbulo intermedio,Boca de subte,RIVADAVIA AV. 5391,Rivadavia 5391
-58.441251011513,-34.6206412065178,73,A,PRIMERA JUNTA,2,a Plaza de Mayo y San Pedrito,,False,True,True,False,False,False,Del Barco Centenera,13,,Caballito,Comuna 6,Vestíbulo intermedio,Boca de subte,BARCO CENTENERA DEL 13,Del Barco Centenera 13
-58.4410594633999,-34.6205822252942,74,A,PRIMERA JUNTA,4,a Plaza de Mayo y San Pedrito,,False,True,False,False,False,False,Del Barco Centenera,10,,Caballito,Comuna 6,Vestíbulo intermedio,Boca de subte,BARCO CENTENERA DEL 10,Del Barco Centenera 10
-58.4488111583103,-34.6237378115673,75,A,PUAN,2,a Plaza de Mayo y San Pedrito,,False,True,False,False,False,False,Rivadavia,5920,,Caballito,Comuna 6,Vestíbulo intermedio,Boca de subte,RIVADAVIA AV. 5920,Rivadavia 5920
-58.448681921158,-34.6234101097669,76,A,PUAN,3,a Plaza de Mayo y San Pedrito,,False,True,False,False,False,False,Rivadavia,5927,,Caballito,Comuna 6,Vestíbulo intermedio,Boca de subte,RIVADAVIA AV. 5927,Rivadavia 5927
-58.4483129860225,-34.6235436433722,77,A,PUAN,4,a Plaza de Mayo y San Pedrito,,False,False,True,False,False,False,Rivadavia,5898,,Caballito,Comuna 6,Vestíbulo intermedio,Boca de subte,RIVADAVIA AV. 5898,Rivadavia 5898
-58.4488590281474,-34.6234898965915,78,A,PUAN,1,a Plaza de Mayo y San Pedrito,,False,False,False,True,False,False,Rivadavia,5943,,Caballito,Comuna 6,Vestíbulo intermedio,Boca de subte,RIVADAVIA AV. 5943,Rivadavia 5943
-58.4563343642994,-34.6264185211763,79,A,CARABOBO,1,a Plaza de Mayo y San Pedrito,,False,True,False,False,False,False,Rivadavia,6375,,Flores,Comuna 7,Vestíbulo intermedio,Boca de subte,RIVADAVIA AV. 6375,Rivadavia 6375
-58.4562391823567,-34.6266052062049,80,A,CARABOBO,2,a Plaza de Mayo y San Pedrito,,False,True,False,False,False,False,Rivadavia,6366,,Flores,Comuna 7,Vestíbulo intermedio,Boca de subte,RIVADAVIA AV. 6366,Rivadavia 6366
-58.4558269618566,-34.626223840808,81,A,CARABOBO,3,a Plaza de Mayo y San Pedrito,,False,False,True,False,False,False,Rivadavia,6331,,Flores,Comuna 7,Salida unicamente,Boca de subte,RIVADAVIA AV. 6331,Rivadavia 6331
-58.4557193133628,-34.6264196262513,82,A,CARABOBO,6,a Plaza de Mayo y San Pedrito,,False,True,False,False,False,False,Rivadavia,6330,,Flores,Comuna 7,Vestíbulo intermedio,Boca de subte,RIVADAVIA AV. 6330,Rivadavia 6330
-58.4560122761479,-34.626518499148,83,A,CARABOBO,4,a Plaza de Mayo y San Pedrito,,False,False,False,True,False,False,Rivadavia,6354,,Flores,Comuna 7,Vestíbulo intermedio,Boca de subte,RIVADAVIA AV. 6354,Rivadavia 6354
-58.4637493547015,-34.628950414504,84,A,SAN JOSÉ DE FLORES,5,a Plaza de Mayo y San Pedrito,,False,False,False,True,False,False,Rivadavia,6989,,Flores,Comuna 7,Vestíbulo intermedio,Boca de subte,RIVADAVIA AV. 6989,Rivadavia 6989
-58.4636428535881,-34.6292361269632,85,A,SAN JOSÉ DE FLORES,2,a Plaza de Mayo y San Pedrito,,False,True,False,False,False,False,Rivadavia,6970,,Flores,Comuna 7,Vestíbulo intermedio,Boca de subte,RIVADAVIA AV. 6970,Rivadavia 6970
-58.4630853499441,-34.6290796221347,86,A,SAN JOSÉ DE FLORES,4,Salida unicamente,,False,False,True,False,False,False,Rivadavia,6928,,Flores,Comuna 7,Salida unicamente,Boca de subte,RIVADAVIA AV. 6928,Rivadavia 6928
-58.4636001898101,-34.6288669849902,87,A,SAN JOSÉ DE FLORES,3,a Plaza de Mayo y San Pedrito,,False,True,False,False,False,False,Rivadavia,6969,,Flores,Comuna 7,Vestíbulo intermedio,Boca de subte,RIVADAVIA AV. 6969,Rivadavia 6969
-58.4633056670088,-34.6287883973292,88,A,SAN JOSÉ DE FLORES,7,a Plaza de Mayo y San Pedrito,,False,True,False,False,False,False,Rivadavia,6939,,Flores,Comuna 7,Vestíbulo intermedio,Boca de subte,RIVADAVIA AV. 6939,Rivadavia 6939
-58.4638644814903,-34.6289790341963,89,A,SAN JOSÉ DE FLORES,1,Salida unicamente,,False,False,True,False,False,False,Rivadavia,6989,,Flores,Comuna 7,Salida unicamente,Boca de subte,RIVADAVIA AV. 6989,Rivadavia 6989
-58.4707435498461,-34.6308168874437,90,A,SAN PEDRITO,1,a Plaza de Mayo,,False,True,False,False,False,False,Rivadavia,7469,,Flores,Comuna 7,Vestíbulo intermedio,Boca de subte,RIVADAVIA AV. 7469,Rivadavia 7469
-58.4708797007541,-34.6312336082877,91,A,SAN PEDRITO,2,a Plaza de Mayo,,False,True,False,False,False,False,Rivadavia,7490,,Flores,Comuna 7,Vestíbulo intermedio,Boca de subte,RIVADAVIA AV. 7490,Rivadavia 7490
-58.4702255044235,-34.6306758025653,92,A,SAN PEDRITO,5,Salida unicamente,,False,False,True,False,False,False,Rivadavia,7431,,Flores,Comuna 7,Salida unicamente,Boca de subte,RIVADAVIA AV. 7431,Rivadavia 7431
-58.4701707930652,-34.6310405450173,93,A,SAN PEDRITO,4,a Plaza de Mayo,,False,True,False,False,False,False,Rivadavia,7438,,Flores,Comuna 7,Vestíbulo intermedio,Boca de subte,RIVADAVIA AV. 7438,Rivadavia 7438
-58.4704051151462,-34.630730815603,94,A,SAN PEDRITO,3,a Plaza de Mayo,,False,False,False,True,False,False,Rivadavia,7441,,Flores,Comuna 7,Vestíbulo intermedio,Boca de subte,RIVADAVIA AV. 7441,Rivadavia 7441
-58.3700077836111,-34.6031675749927,95,B,LEANDRO N. ALEM,2,a J. M. de Rosas,,False,True,False,False,False,False,L.N. Alem,383,,San Nicolas,Comuna 1,Anden central,Boca de subte,"ALEM, LEANDRO N. AV. 383",L.N. Alem 153
-58.3696187298653,-34.603049961945,96,B,LEANDRO N. ALEM,4,a J. M. de Rosas,,False,True,False,False,False,False,Corrientes,146,,San Nicolas,Comuna 1,Anden central,Boca de subte,CORRIENTES AV. 146,Corrientes 146
-58.370058297045,-34.6027616739694,97,B,LEANDRO N. ALEM,3,a J. M. de Rosas,,False,True,False,False,False,False,L.N. Alem,421,,San Nicolas,Comuna 1,Anden central,Boca de subte,"ALEM, LEANDRO N. AV. 421",L.N. Alem 183
-58.3696482155039,-34.6028685631829,98,B,LEANDRO N. ALEM,5,a J. M. de Rosas,,False,False,True,False,False,False,Corrientes,161,,San Nicolas,Comuna 1,Salida unicamente,Boca de subte,CORRIENTES AV. 161,Corrientes 161
-58.3748800214455,-34.603207053335,99,B,FLORIDA,1,a L. N. Alem y J. M. de Rosas,,False,True,False,False,False,False,Corrientes,587,,San Nicolas,Comuna 1,Anden central,Boca de subte,CORRIENTES AV. 587,Corrientes 587
-58.3748641626646,-34.603402107237,100,B,FLORIDA,2,a L. N. Alem y J. M. de Rosas,,False,True,False,False,False,False,Corrientes,590,,San Nicolas,Comuna 1,Anden central,Boca de subte,CORRIENTES AV. 590,Corrientes 590
-58.3744251824366,-34.6031725396929,101,B,FLORIDA,3,a L. N. Alem y J. M. de Rosas,,True,True,False,False,False,False,Corrientes,535,,San Nicolas,Comuna 1,Anden central,Boca de subte,CORRIENTES AV. 535,Corrientes 535
-58.3808519244973,-34.6039392216724,103,B,C. PELLEGRINI,4,a L. N. Alem y J. M. de Rosas,C-D,False,True,False,False,False,False,Pellegrini,385,,San Nicolas,Comuna 1,Anden central,Boca de subte,"PELLEGRINI, CARLOS 385",Pellegrini 385
-58.3808886461264,-34.6034442794286,104,B,C. PELLEGRINI,1,a L. N. Alem y J. M. de Rosas,C-D,False,True,False,False,False,False,Pellegrini,423,,San Nicolas,Comuna 1,Anden central,Boca de subte,"PELLEGRINI, CARLOS 423",Pellegrini 423
-58.38086168317,-34.6038417980938,105,B,C. PELLEGRINI,2,a L. N. Alem y J. M. de Rosas,C-D,False,True,False,False,False,False,Pellegrini,385,,San Nicolas,Comuna 1,Anden central,Boca de subte,"PELLEGRINI, CARLOS 385",Pellegrini 385
-58.3872990595833,-34.6039539622429,106,B,URUGUAY,1,Salida unicamente,,False,False,True,False,False,False,Corrientes,1463,,San Nicolas,Comuna 1,Salida unicamente,Boca de subte,CORRIENTES AV. 1463,Corrientes 1463
-58.3873083123235,-34.604153476957,107,B,URUGUAY,2,a L. N. Alem y J. M. de Rosas,,False,True,False,False,False,False,Corrientes,1450,,San Nicolas,Comuna 1,Vestíbulo intermedio,Boca de subte,CORRIENTES AV. 1450,Corrientes 1450
-58.386991389685,-34.6039229467794,108,B,URUGUAY,5,a L. N. Alem y J. M. de Rosas,,False,True,False,False,False,False,Corrientes,1437,,San Nicolas,Comuna 1,Vestíbulo intermedio,Boca de subte,CORRIENTES AV. 1437,Corrientes 1437
-58.3869298258085,-34.6041224814524,109,B,URUGUAY,4,a L. N. Alem y J. M. de Rosas,,False,True,False,False,False,False,Corrientes,1428,,San Nicolas,Comuna 1,Vestíbulo intermedio,Boca de subte,CORRIENTES AV. 1428,Corrientes 1428
-58.386340589827,-34.603881089018,110,B,URUGUAY,9,a L. N. Alem y J. M. de Rosas,,False,True,False,False,False,False,Corrientes,1393,,San Nicolas,Comuna 1,Vestíbulo intermedio,Boca de subte,CORRIENTES AV. 1393,Corrientes 1393
-58.3867199383647,-34.603746205902,111,B,URUGUAY,7,a L. N. Alem y J. M. de Rosas,,False,False,False,True,False,False,Uruguay,410,,San Nicolas,Comuna 1,Vestíbulo intermedio,Boca de subte,URUGUAY AV. 410,Uruguay 410
-58.392879484858,-34.6043523143446,112,B,CALLAO - MAESTRO ALFREDO BRAVO,1,Salida unicamente,,False,False,True,False,False,False,Corrientes,1833,,Balvanera,Comuna 3,Salida unicamente,Boca de subte,CORRIENTES AV. 1833,Corrientes 1833
-58.3929000486622,-34.6045348997893,113,B,CALLAO - MAESTRO ALFREDO BRAVO,2,a L. N. Alem y J. M. de Rosas,,False,True,False,False,False,False,Corrientes,1832,,Balvanera,Comuna 3,Vestíbulo intermedio,Boca de subte,CORRIENTES AV. 1832,Corrientes 1832
-58.3925234426581,-34.6045299718815,114,B,CALLAO - MAESTRO ALFREDO BRAVO,4,a L. N. Alem y J. M. de Rosas,,False,True,False,False,False,False,Corrientes,1814,,Balvanera,Comuna 3,Vestíbulo intermedio,Boca de subte,CORRIENTES AV. 1814,Corrientes 1814
-58.3925142906598,-34.6043573285865,115,B,CALLAO - MAESTRO ALFREDO BRAVO,5,a L. N. Alem y J. M. de Rosas,,False,False,False,True,False,False,Callao,402,,Balvanera,Comuna 3,Vestíbulo intermedio,Boca de subte,CALLAO AV. 402,Callao 402
-58.3920549808092,-34.6045290714614,116,B,CALLAO - MAESTRO ALFREDO BRAVO,6,a L. N. Alem y J. M. de Rosas,,False,True,False,False,False,False,Corrientes,1792,,San Nicolas,Comuna 1,Vestíbulo intermedio,Boca de subte,CORRIENTES AV. 1792,Corrientes 1792
-58.3921888551208,-34.6041766434504,117,B,CALLAO - MAESTRO ALFREDO BRAVO,7,a L. N. Alem y J. M. de Rosas,,False,True,False,False,False,False,Callao,415,,San Nicolas,Comuna 1,Vestíbulo intermedio,Boca de subte,CALLAO AV. 415,Callao 415
-58.3924262892298,-34.60424533579,118,B,CALLAO - MAESTRO ALFREDO BRAVO,3,a L. N. Alem y J. M. de Rosas,,False,True,False,False,False,False,Corrientes,1805,,Balvanera,Comuna 3,Vestíbulo intermedio,Boca de subte,CORRIENTES AV. 1805,Corrientes 1805
-58.3997098739406,-34.6045438166355,119,B,PASTEUR - AMIA,1,a L. N. Alem y J. M. de Rosas,,False,True,False,False,False,False,Corrientes,2311,,Balvanera,Comuna 3,Vestíbulo intermedio,Boca de subte,CORRIENTES AV. 2311,Corrientes 2311
-58.3996944667464,-34.6047445485586,120,B,PASTEUR - AMIA,2,a L. N. Alem y J. M. de Rosas,,False,True,False,False,False,False,Corrientes,2306,,Balvanera,Comuna 3,Vestíbulo intermedio,Boca de subte,CORRIENTES AV. 2306,Corrientes 2306
-58.3992018557426,-34.6045269269493,121,B,PASTEUR - AMIA,3,a L. N. Alem y J. M. de Rosas,,False,True,False,False,False,False,Corrientes,2279,,Balvanera,Comuna 3,Vestíbulo intermedio,Boca de subte,CORRIENTES AV. 2279,Corrientes 2279
-58.3991847594198,-34.6047248206375,122,B,PASTEUR - AMIA,4,a L. N. Alem y J. M. de Rosas,,False,True,False,False,False,False,Corrientes,2280,,Balvanera,Comuna 3,Vestíbulo intermedio,Boca de subte,CORRIENTES AV. 2280,Corrientes 2280
-58.4052087195597,-34.6044994110121,123,B,PUEYRREDON,5,Salida unicamente,H,False,False,True,False,False,False,Corrientes,2795,,Balvanera,Comuna 3,Salida unicamente,Boca de subte,CORRIENTES AV. 2795,Corrientes 2795
-58.4052395679106,-34.6046868334341,124,B,PUEYRREDON,4,a L. N. Alem y J. M. de Rosas,H,False,True,False,False,False,False,Corrientes,2786,,Balvanera,Comuna 3,Vestíbulo intermedio,Boca de subte,CORRIENTES AV. 2786,Corrientes 2786
-58.4050332243463,-34.604511981778,125,B,PUEYRREDON,3,a L. N. Alem y J. M. de Rosas,H,False,True,False,False,False,False,Corrientes,2789,,Balvanera,Comuna 3,Vestíbulo intermedio,Boca de subte,CORRIENTES AV. 2789,Corrientes 2789
-58.4050624139823,-34.6047014561903,126,B,PUEYRREDON,6,a L. N. Alem y J. M. de Rosas,H,False,True,False,False,False,False,Corrientes,2744,,Balvanera,Comuna 3,Vestíbulo intermedio,Boca de subte,CORRIENTES AV. 2744,Corrientes 2744
-58.4120411874192,-34.6039988624057,127,B,CARLOS GARDEL,1,a L. N. Alem y J. M. de Rosas,,False,True,False,False,False,False,Corrientes,3315,,Balvanera,Comuna 3,Vestíbulo intermedio,Boca de subte,CORRIENTES AV. 3315,Corrientes 3315
-58.4120397794496,-34.6041956306935,128,B,CARLOS GARDEL,2,a L. N. Alem y J. M. de Rosas,,False,True,False,False,False,False,Corrientes,3326,,Balvanera,Comuna 3,Vestíbulo intermedio,Boca de subte,CORRIENTES AV. 3326,Corrientes 3326
-58.4114576783662,-34.6039739130467,129,B,CARLOS GARDEL,3,a L. N. Alem y J. M. de Rosas,,False,True,False,False,False,False,Corrientes,3299,,Balvanera,Comuna 3,Vestíbulo intermedio,Boca de subte,CORRIENTES AV. 3299,Corrientes 3299
-58.4114616258089,-34.6041661575529,130,B,CARLOS GARDEL,4,a L. N. Alem y J. M. de Rosas,,False,True,False,False,False,False,Corrientes,3290,,Balvanera,Comuna 3,Vestíbulo intermedio,Boca de subte,CORRIENTES AV. 3290,Corrientes 3290
-58.4213250622358,-34.6030402162047,131,B,ALMAGRO - MEDRANO,1,a L. N. Alem,,False,True,False,False,False,False,Corrientes,4019,,Almagro,Comuna 5,Andén a Leandro N. Alem,Boca de subte,CORRIENTES AV. 4019,Corrientes 4019
-58.4211648277391,-34.6034189715866,132,B,ALMAGRO - MEDRANO,2,a J. M. de Rosas,,False,True,False,False,False,False,Medrano,598,,Almagro,Comuna 5,Andén a J. M. de Rosas,Boca de subte,MEDRANO AV. 598,Medrano 598
-58.4206908534589,-34.6031039757354,133,B,ALMAGRO - MEDRANO,3,a L. N. Alem,,False,True,False,False,False,False,Corrientes,3989,,Almagro,Comuna 5,Andén a Leandro N. Alem,Boca de subte,CORRIENTES AV. 3989,Corrientes 3989
-58.4207091968856,-34.6032934306801,134,B,ALMAGRO - MEDRANO,4,Salida unicamente,,False,False,True,False,False,False,Corrientes,3980,,Almagro,Comuna 5,Salida unicamente,Boca de subte,CORRIENTES AV. 3980,Corrientes 3980
-58.4313505466811,-34.6020469895814,135,B,ANGEL GALLARDO,1,Andén a Leandro N. Alem,,False,True,False,False,False,False,Corrientes,4667,,Almagro,Comuna 5,Andén a Leandro N. Alem,Boca de subte,CORRIENTES AV. 4667,Corrientes 4667
-58.4308490105143,-34.6020880875401,136,B,ANGEL GALLARDO,3,Andén a Leandro N. Alem,,False,True,False,False,False,False,Corrientes,4641,,Almagro,Comuna 5,Andén a Leandro N. Alem,Boca de subte,CORRIENTES AV. 4641,Corrientes 4641
-58.430872905104,-34.6022780418942,137,B,ANGEL GALLARDO,2,Andén a Juan M. de Rosas,,False,True,False,False,False,False,Corrientes,4648,,Almagro,Comuna 5,Andén a Juan M. de Rosas,Boca de subte,CORRIENTES AV. 4648,Corrientes 4648
-58.4313716016163,-34.6022349039954,138,B,ANGEL GALLARDO,4,Salida únicamente,,False,False,True,False,False,False,Corrientes,4668,,Almagro,Comuna 5,Salida únicamente,Boca de subte,CORRIENTES AV. 4668,Corrientes 4668
-58.4398795085657,-34.5987069869328,139,B,MALABIA - OSVALDO PUGLIESE,1,a L. N. Alem,,False,True,False,False,False,False,Corrientes,5321,,Villa Crespo,Comuna 15,Andén a Leandro N. Alem,Boca de subte,CORRIENTES AV. 5321,Corrientes 5321
-58.4399890001225,-34.5989183790763,140,B,MALABIA - OSVALDO PUGLIESE,2,a J. M. de Rosas,,False,True,False,False,False,False,Corrientes,5310,,Villa Crespo,Comuna 15,Andén a Juan M. de Rosas,Boca de subte,CORRIENTES AV. 5310,Corrientes 5310
-58.4395282200254,-34.599044990342,141,B,MALABIA - OSVALDO PUGLIESE,3,a L. N. Alem,,False,True,False,False,False,False,Corrientes,5283,,Villa Crespo,Comuna 15,Andén a Leandro N. Alem,Boca de subte,CORRIENTES AV. 5283,Corrientes 5283
-58.4397207917261,-34.59917207807,142,B,MALABIA - OSVALDO PUGLIESE,4,Salida únicamente,,False,False,True,False,False,False,Corrientes,5296,,Villa Crespo,Comuna 15,Salida únicamente,Boca de subte,CORRIENTES AV. 5296,Corrientes 5296
-58.447711323689,-34.5914394865517,143,B,DORREGO,1,a L. N. Alem,,False,True,False,False,False,False,Corrientes,6201,,Chacarita,Comuna 15,Andén a Leandro N. Alem,Boca de subte,CORRIENTES AV. 6201,Corrientes 6201
-58.4479136346468,-34.5915925544362,144,B,DORREGO,2,a J. M. de Rosas,,False,True,False,False,False,False,Corrientes,6221,,Chacarita,Comuna 15,Andén a Juan M. de Rosas,Boca de subte,CORRIENTES AV. 6221,Corrientes 6221
-58.4473122888995,-34.5918208771177,145,B,DORREGO,3,a L. N. Alem,,False,True,False,False,False,False,Corrientes,6183,,Chacarita,Comuna 15,Andén a Leandro N. Alem,Boca de subte,CORRIENTES AV. 6183,Corrientes 6183
-58.4474883532395,-34.5919625292156,146,B,DORREGO,4,Salida únicamente,,False,False,True,False,False,False,Corrientes,6192,,Chacarita,Comuna 15,Salida únicamente,Boca de subte,CORRIENTES AV. 6192,Corrientes 6192
-58.4548095850474,-34.5869996256155,147,B,FEDERICO LACROZE,3,a L. N. Alem,,False,True,False,False,False,False,Federico Lacroze,4200,,Chacarita,Comuna 15,Andén a Leandro N. Alem,Boca de subte,"LACROZE, FEDERICO AV. 4200",Federico Lacroze 4200
-58.4556645554767,-34.5870613856921,148,B,FEDERICO LACROZE,4,Salida únicamente,,False,False,True,False,False,False,Guzmán,4169,,,,Salida únicamente,Boca de subte,,Guzmán 4169
-58.4553213556232,-34.5863710172126,149,B,FEDERICO LACROZE,1,a L. N. Alem,,False,True,False,False,False,False,Federico Lacroze,4171,,Chacarita,Comuna 15,Andén a Leandro N. Alem,Boca de subte,"LACROZE, FEDERICO AV. 4171",Federico Lacroze 4171
-58.455431092426,-34.58653176104,150,B,FEDERICO LACROZE,7,a L. N. Alem,,False,True,False,False,False,False,Corrientes,6895,,Chacarita,Comuna 15,Andén a Leandro N. Alem,Boca de subte,CORRIENTES AV. 6895,Corrientes 6895
-58.4545309214923,-34.5877663727069,151,B,FEDERICO LACROZE,5,a J. M. de Rosas,,False,True,False,False,False,False,Corrientes,6800,,Chacarita,Comuna 15,Andén a Juan M. de Rosas,Boca de subte,CORRIENTES AV. 6800,Corrientes 6800
-58.4545621980588,-34.5873649513061,152,B,FEDERICO LACROZE,2,a L. N. Alem,,False,True,False,False,False,False,Corrientes,6870,,Chacarita,Comuna 15,Andén a Leandro N. Alem,Boca de subte,CORRIENTES AV. 6870,Corrientes 6870
-58.4547439521731,-34.5876880967014,153,B,FEDERICO LACROZE,10,a J. M. de Rosas,,False,True,False,False,False,False,Corrientes,6802,,Chacarita,Comuna 15,Andén a Juan M. de Rosas,Boca de subte,CORRIENTES AV. 6802,Corrientes 6802
-58.4551161196469,-34.587591893871,154,B,FEDERICO LACROZE,9,a J. M. de Rosas,,False,True,False,False,False,False,Corrientes,6830,,Chacarita,Comuna 15,Andén a Juan M. de Rosas,Boca de subte,CORRIENTES AV. 6830,Corrientes 6830
-58.4549796033714,-34.5872304385524,155,B,FEDERICO LACROZE,8,a L. N. Alem,,False,True,False,False,False,False,Corrientes,6880,,Chacarita,Comuna 15,Andén a Leandro N. Alem,Boca de subte,CORRIENTES AV. 6880,Corrientes 6880
-58.4664225312575,-34.5839467041908,156,B,TRONADOR - VILLA ORTÚZAR,1,a L. N. Alem y J. M. de Rosas,,False,True,False,False,False,False,Guevara,1619,,Villa Ortuzar,Comuna 15,Andén central,Boca de subte,GUEVARA 1619,Guevara 1619
-58.4665659991834,-34.5841501279395,157,B,TRONADOR - VILLA ORTÚZAR,2,a L. N. Alem y J. M. de Rosas,,False,True,False,False,False,False,Triunvirato,3174,,Villa Ortuzar,Comuna 15,Andén central,Boca de subte,TRIUNVIRATO AV. 3174,Triunvirato 3174
-58.4665418164603,-34.5843130635055,158,B,TRONADOR - VILLA ORTÚZAR,4,a L. N. Alem y J. M. de Rosas,,False,True,False,False,False,False,Tronador,690,,Villa Ortuzar,Comuna 15,Andén central,Boca de subte,TRONADOR 690,Tronador 690
-58.4740433050146,-34.5813907426656,159,B,DE LOS INCAS - PQUE. CHAS,1,a L. N. Alem y J. M. de Rosas,,False,True,False,False,False,False,Triunvirato,3741,,Villa Ortuzar,Comuna 15,Vestíbulo intermedio,Boca de subte,TRIUNVIRATO AV. 3741,Triunvirato 3741
-58.4738938867394,-34.5815502798328,160,B,DE LOS INCAS - PQUE. CHAS,3,Salida unicamente,,False,False,True,False,False,False,Triunvirato,3719,,Villa Ortuzar,Comuna 15,Salida unicamente,Boca de subte,TRIUNVIRATO AV. 3719,Triunvirato 3719
-58.473496260523,-34.5821159305679,161,B,DE LOS INCAS - PQUE. CHAS,4,a L. N. Alem y J. M. de Rosas,,False,True,True,False,False,False,Combatientes de Malvinas,3287,,Villa Ortuzar,Comuna 15,Andén central,Boca de subte,COMBATIENTES DE MALVINAS AV. 3287,Combatientes de Malvinas 3287
-58.4809520220887,-34.5776965218431,162,B,ECHEVERRÍA,1,a L. N. Alem y J. M. de Rosas,,False,True,False,False,False,False,Triunvirato,4265,,Villa Urquiza,Comuna 12,Vestíbulo intermedio,Boca de subte,TRIUNVIRATO AV. 4265,Triunvirato 4265
-58.4811305511093,-34.5778380209514,163,B,ECHEVERRÍA,2,a L. N. Alem y J. M. de Rosas,,False,True,False,False,False,False,Triunvirato,4272,,Villa Urquiza,Comuna 12,Vestíbulo intermedio,Boca de subte,TRIUNVIRATO AV. 4272,Triunvirato 4272
-58.4804613500113,-34.5780220330706,164,B,ECHEVERRÍA,3,Salida unicamente,,False,False,True,False,False,False,Triunvirato,4225,,Villa Urquiza,Comuna 12,Salida unicamente,Boca de subte,TRIUNVIRATO AV. 4225,Triunvirato 4225
-58.480620470907,-34.578179981441,165,B,ECHEVERRÍA,6,a L. N. Alem y J. M. de Rosas,,False,True,False,False,False,False,Triunvirato,4236,,Villa Urquiza,Comuna 12,Vestíbulo intermedio,Boca de subte,TRIUNVIRATO AV. 4236,Triunvirato 4236
-58.4878260318704,-34.5741279584927,166,B,JUAN MANUEL DE ROSAS - VILLA URQUIZA,1,a L. N. Alem,,False,True,True,False,False,False,Roosevelt,5160,,Villa Urquiza,Comuna 12,Andén central,Boca de subte,ROOSEVELT FRANKLIN D. AV. 5160,Roosevelt 5160
-58.4875331813736,-34.5739610890554,167,B,JUAN MANUEL DE ROSAS - VILLA URQUIZA,3,a L. N. Alem,,False,True,True,False,False,False,Roosevelt,5110,,Villa Urquiza,Comuna 12,Andén central,Boca de subte,ROOSEVELT FRANKLIN D. AV. 5110,Roosevelt 5110
-58.4877349772052,-34.5738036323636,168,B,JUAN MANUEL DE ROSAS - VILLA URQUIZA,4,a L. N. Alem,,False,True,False,False,False,False,Roosevelt,5110,,Villa Urquiza,Comuna 12,Andén central,Boca de subte,ROOSEVELT FRANKLIN D. AV. 5110,Roosevelt 5110
-58.4870778953036,-34.5746229540941,169,B,JUAN MANUEL DE ROSAS - VILLA URQUIZA,5,a L. N. Alem,,False,True,False,False,False,False,Monroe,5169,,Villa Urquiza,Comuna 12,Andén central,Boca de subte,MONROE 5169,Monroe 5169
-58.4863846521318,-34.5745152588744,170,B,JUAN MANUEL DE ROSAS - VILLA URQUIZA,6,a L. N. Alem,,False,True,True,False,False,False,Triunvirato,4680,,Villa Urquiza,Comuna 12,Andén central,Boca de subte,TRIUNVIRATO AV. 4680,Triunvirato 4680
-58.3738287200189,-34.5913865794963,171,C,RETIRO,1,a Constitución,,False,True,False,False,False,False,Ramos Mejía,1390,,Retiro,Comuna 1,Andén central,Boca de subte,"RAMOS MEJIA, JOSE MARIA, DR. AV. 1390",Ramos Mejía 1390
-58.3749115512536,-34.5907903524054,172,C,RETIRO,4,a Constitución,,False,True,False,False,False,False,Ramos Mejía,1314,,Retiro,Comuna 1,Andén central,Boca de subte,"RAMOS MEJIA, JOSE MARIA, DR. AV. 1314",Ramos Mejía 1314
-58.3738429262569,-34.5903745008313,173,C,RETIRO,3,a Constitución,,False,True,False,False,False,False,Ramos Mejía,1462,,Retiro,Comuna 1,Andén central,Boca de subte,"RAMOS MEJIA, JOSE MARIA, DR. AV. 1462",Ramos Mejía 1462
-58.373592521229,-34.5913341213586,174,C,RETIRO,2,a Constitución,,False,True,False,False,False,False,Gilardi,1300,,Retiro,Comuna 1,Andén central,Boca de subte,"GILARDI, GILARDO 1300",Gilardi 1300
-58.375115896049,-34.5906712082124,175,C,RETIRO,5,a Constitución,,False,False,True,False,False,False,Ramos Mejía,1500,,Retiro,Comuna 1,Andén central,Boca de subte,"RAMOS MEJIA, JOSE MARIA, DR. AV. 1500",Ramos Mejía 1500
-58.3775385648518,-34.5955320216005,176,C,SAN MARTIN,1,a Retiro y Constitución,,False,True,False,False,False,False,Santa Fe,715,,Retiro,Comuna 1,Vestíbulo intermedio,Boca de subte,SANTA FE AV. 715,Santa Fe 715
-58.3774905974029,-34.5954841415085,177,C,SAN MARTIN,1,Salida únicamente,,False,False,True,False,False,False,Santa Fe,721,,Retiro,Comuna 1,Salida únicamente,Boca de subte,SANTA FE AV. 721,Santa Fe 721
-58.3778900463266,-34.5951459110195,178,C,SAN MARTIN,2,a Retiro y Constitución,,False,True,False,False,False,False,Santa Fe,778,,Retiro,Comuna 1,Vestíbulo intermedio,Boca de subte,SANTA FE AV. 778,Santa Fe 778
-58.3780847710273,-34.6016909782718,179,C,LAVALLE,1,a Retiro y Constitución,,True,True,False,False,False,False,Esmeralda,573,,San Nicolas,Comuna 1,Vestíbulo intermedio,Boca de subte,ESMERALDA 573,Esmeralda 573
-58.3781707434237,-34.6026737842941,180,C,LAVALLE,2,a Retiro y Constitución,,False,True,True,False,False,False,Esmeralda,486,,San Nicolas,Comuna 1,Vestíbulo intermedio,Boca de subte,ESMERALDA 486,Esmeralda 486
-58.3796965993585,-34.6046049275557,181,C,DIAGONAL NORTE,1,Salida únicamente,B-D,False,False,True,False,False,False,Roque Sáenz Peña,917,,San Nicolas,Comuna 1,Salida únicamente,Boca de subte,"SAENZ PEÑA, ROQUE, PRES. DIAGONAL NORTE AV. 917",Roque Sáenz Peña 917
-58.3800535675261,-34.6047005339289,182,C,DIAGONAL NORTE,2,a Retiro y Constitución,B-D,False,True,False,False,False,False,Roque Sáenz Peña,926,,San Nicolas,Comuna 1,Vestíbulo intermedio,Boca de subte,"SAENZ PEÑA, ROQUE, PRES. DIAGONAL NORTE AV. 926",Roque Sáenz Peña 926
-58.3790482902087,-34.6049446975673,183,C,DIAGONAL NORTE,3,a Retiro y Constitución,B-D,True,True,False,False,False,False,Roque Sáenz Peña,893,,San Nicolas,Comuna 1,Vestíbulo intermedio,Boca de subte,"SAENZ PEÑA, ROQUE, PRES. DIAGONAL NORTE AV. 893",Roque Sáenz Peña 893
-58.3795301997052,-34.604956522427,184,C,DIAGONAL NORTE,4,a Retiro y Constitución,B-D,False,True,False,False,False,False,Roque Sáenz Peña,900,,San Nicolas,Comuna 1,Vestíbulo intermedio,Boca de subte,"SAENZ PEÑA, ROQUE, PRES. DIAGONAL NORTE AV. 900",Roque Sáenz Peña 900
-58.3805972482267,-34.6087394508317,185,C,AV. DE MAYO,1,Salida únicamente,A,False,False,True,False,False,False,Bernardo de Irigoyen,18,,Monserrat,Comuna 1,Salida únicamente,Boca de subte,"IRIGOYEN, BERNARDO DE 18",Bernardo de Irigoyen 18 I
-58.380572300334,-34.6092667239896,186,C,AV. DE MAYO,2,a Retiro y Constitución,A,False,True,False,False,False,False,Bernardo de Irigoyen,72,,Monserrat,Comuna 1,Vestíbulo intermedio,Boca de subte,"IRIGOYEN, BERNARDO DE 72",Bernardo de Irigoyen 72
-58.3803456891333,-34.6088656288094,187,C,AV. DE MAYO,3,a Retiro y Constitución,A,False,True,False,False,False,False,Avenida de Mayo,981,,Monserrat,Comuna 1,Vestíbulo intermedio,Boca de subte,DE MAYO AV. 981,Avenida de Mayo 981
-58.3803244465217,-34.6090836576999,188,C,AV. DE MAYO,4,a Retiro y Constitución,A,False,True,False,False,False,False,Avenida de Mayo,984,,Monserrat,Comuna 1,Vestíbulo intermedio,Boca de subte,DE MAYO AV. 984,Avenida de Mayo 984
-58.3805809640886,-34.6123529715806,189,C,MORENO,1,a Retiro y Constitución,,False,True,False,False,False,False,Bernardo de Irigoyen,336,,Monserrat,Comuna 1,Vestíbulo intermedio,Boca de subte,"IRIGOYEN, BERNARDO DE 336",Bernardo de Irigoyen 336
-58.3805750923513,-34.6125421696277,190,C,MORENO,3,a Retiro y Constitución,,False,True,False,False,False,False,Bernardo de Irigoyen,356,,Monserrat,Comuna 1,Vestíbulo intermedio,Boca de subte,"IRIGOYEN, BERNARDO DE 356",Bernardo de Irigoyen 356
-58.3800592172609,-34.6178579359899,191,C,INDEPENDENCIA,1,a Retiro y Constitución,E,False,True,False,False,False,False,Bernardo de Irigoyen,816,,Constitucion,Comuna 1,Vestíbulo intermedio,Boca de subte,"IRIGOYEN, BERNARDO DE 816",Bernardo de Irigoyen 816
-58.379926195424,-34.621814531616,192,C,SAN JUAN,1,a Retiro y Constitución,,False,True,False,False,False,False,Bernardo de Irigoyen,1172,,Constitucion,Comuna 1,Vestíbulo intermedio,Boca de subte,"IRIGOYEN, BERNARDO DE 1172",Bernardo de Irigoyen 1172
-58.379847475414,-34.6224470439,193,C,SAN JUAN,3,a Retiro y Constitución,,False,True,False,False,False,False,Bernardo de Irigoyen,1220,,Constitucion,Comuna 1,Vestíbulo intermedio,Boca de subte,"IRIGOYEN, BERNARDO DE 1220",Bernardo de Irigoyen 1220
-58.3810445410127,-34.6279009335369,194,C,CONSTITUCION,1,a Retiro,,False,True,True,True,False,False,Brasil,1149,,Constitucion,Comuna 1,Andén central,Boca de subte,BRASIL 1149,Brasil 1149
-58.3803079003358,-34.6281019435462,195,C,CONSTITUCION,4,a Retiro,,False,True,False,False,False,False,Brasil,1140,,Constitucion,Comuna 1,Boca cerrada,Boca de subte,BRASIL 1140,Brasil 1140
-58.3810574569038,-34.6277053356764,196,C,CONSTITUCION,2,a Retiro,,False,True,False,True,False,False,Brasil,1137,,Constitucion,Comuna 1,Andén central,Boca de subte,BRASIL 1137,Brasil 1137
-58.3740350257512,-34.6078500426302,197,D,CATEDRAL,10,a Congreso de Tucumán,A-E,False,True,False,False,False,False,Roque Sáenz Peña,520,,San Nicolas,Comuna 1,Andén a C. de Tucumán,Boca de subte,"SAENZ PEÑA, ROQUE, PRES. DIAGONAL NORTE AV. 520",Roque Sáenz Peña 520
-58.3749126398831,-34.6075096307944,198,D,CATEDRAL,1,a Congreso de Tucumán,A-E,False,True,False,False,False,False,Roque Sáenz Peña,590,,San Nicolas,Comuna 1,Andén a C. de Tucumán,Boca de subte,"SAENZ PEÑA, ROQUE, PRES. DIAGONAL NORTE AV. 590",Roque Sáenz Peña 590
-58.374675989709,-34.6075003127853,199,D,CATEDRAL,6,a Congreso de Tucumán,A-E,False,True,False,False,False,False,Florida,45,,San Nicolas,Comuna 1,Andén a C. de Tucumán,Boca de subte,FLORIDA 45,Florida 45
-58.3751981900359,-34.6072477695942,200,D,CATEDRAL,2,a Congreso de Tucumán,A-E,False,True,False,False,False,False,Roque Sáenz Peña,616,,San Nicolas,Comuna 1,Andén a C. de Tucumán,Boca de subte,"SAENZ PEÑA, ROQUE, PRES. DIAGONAL NORTE AV. 616",Roque Sáenz Peña 616
-58.3747753842572,-34.6071750850224,201,D,CATEDRAL,4,Salida únicamente,A-E,True,False,True,False,False,False,Roque Sáenz Peña,568,,San Nicolas,Comuna 1,Salida únicamente,Boca de subte,"SAENZ PEÑA, ROQUE, PRES. DIAGONAL NORTE AV. 568",Roque Sáenz Peña 568
-58.3738468837687,-34.6076703362539,202,D,CATEDRAL,5,a Congreso de Tucumán,A-E,True,True,False,False,False,False,Roque Sáenz Peña,511,,San Nicolas,Comuna 1,Andén a C. de Tucumán,Boca de subte,"SAENZ PEÑA, ROQUE, PRES. DIAGONAL NORTE AV. 511",Roque Sáenz Peña 511
-58.3743376615402,-34.60768397442,203,D,CATEDRAL,8,a Congreso de Tucumán,A-E,False,False,False,True,False,False,Roque Sáenz Peña,530,,San Nicolas,Comuna 1,Andén a C. de Tucumán,Boca de subte,"SAENZ PEÑA, ROQUE, PRES. DIAGONAL NORTE AV. 530",Roque Sáenz Peña 530
-58.3804639967558,-34.6044702628959,204,D,9 DE JULIO,6,a Congreso de Tucumán,B-C,False,True,False,False,False,False,Roque Sáenz Peña,974,,San Nicolas,Comuna 1,Andén a C. de Tucumán,Boca de subte,"SAENZ PEÑA, ROQUE, PRES. DIAGONAL NORTE AV. 974",Roque Sáenz Peña 974
-58.3800961910319,-34.6044002491876,205,D,9 DE JULIO,3,a Catedral,B-C,True,True,False,False,False,False,Roque Sáenz Peña,943,,San Nicolas,Comuna 1,Andén a Catedral,Boca de subte,"SAENZ PEÑA, ROQUE, PRES. DIAGONAL NORTE AV. 943",Roque Sáenz Peña 943
-58.3804653321873,-34.6041985798514,206,D,9 DE JULIO,1,Salida únicamente,B-C,True,False,True,False,False,False,Roque Sáenz Peña,979,,San Nicolas,Comuna 1,Salida únicamente,Boca de subte,"SAENZ PEÑA, ROQUE, PRES. DIAGONAL NORTE AV. 979",Roque Sáenz Peña 979
-58.3851195623502,-34.6012012898235,207,D,TRIBUNALES - TEATRO COLÓN,1,a Catedral y Congreso de Tucumán,,False,True,False,False,False,False,Talcahuano,650,,San Nicolas,Comuna 1,Andén central,Boca de subte,TALCAHUANO 650,Talcahuano 650
-58.3853280778096,-34.6020197323675,208,D,TRIBUNALES - TEATRO COLÓN,6,a Catedral y Congreso de Tucumán,,False,True,False,False,False,False,Talcahuano,550,,San Nicolas,Comuna 1,Andén central,Boca de subte,TALCAHUANO 550,Talcahuano 550
-58.3853552650589,-34.6012096924057,209,D,TRIBUNALES - TEATRO COLÓN,2,a Catedral y Congreso de Tucumán,,False,True,False,False,False,False,Talcahuano,640,,San Nicolas,Comuna 1,Andén central,Boca de subte,TALCAHUANO 640,Talcahuano 640
-58.3850613491366,-34.6013932778237,210,D,TRIBUNALES - TEATRO COLÓN,3,a Catedral y Congreso de Tucumán,,False,False,False,True,False,False,Tucuman,1295,,San Nicolas,Comuna 1,Andén central,Boca de subte,TUCUMAN 1295,Tucuman 1295
-58.3918047930125,-34.5997538117549,211,D,CALLAO,6,a Catedral y Congreso de Tucumán,,True,True,False,False,False,False,Córdoba,1710,,San Nicolas,Comuna 1,Pasillo intermedio,Boca de subte,CORDOBA AV. 1710,Córdoba 1710
-58.3926680676133,-34.5998159296946,212,D,CALLAO,4,a Congreso de Tucumán,,False,True,False,False,False,False,Córdoba,1800,,San Nicolas,Comuna 1,Andén a C. de Tucumán,Boca de subte,CORDOBA AV. 1800,Córdoba 1800
-58.393012176477,-34.5998356106078,213,D,CALLAO,2,a Congreso de Tucumán,,False,True,False,False,False,False,Callao,792,,Balvanera,Comuna 3,Andén a C. de Tucumán,Boca de subte,CALLAO AV. 792,Callao 792
-58.3931839077183,-34.5995514105554,214,D,CALLAO,1,Salida únicamente,,False,False,True,False,False,False,Córdoba,1807,,Recoleta,Comuna 2,Salida únicamente,Boca de subte,CORDOBA AV. 1807,Córdoba 1807
-58.3928292285708,-34.5994514222865,215,D,CALLAO,3,a Catedral,,False,True,False,False,False,False,Callao,821,,Recoleta,Comuna 2,Andén a Catedral,Boca de subte,CALLAO AV. 821,Callao 821
-58.3918174998715,-34.599683530288,216,D,CALLAO,8,a Congreso de Tucumán,,True,False,False,True,False,False,Córdoba,1712,,San Nicolas,Comuna 1,Andén a C. de Tucumán,Boca de subte,CORDOBA AV. 1712,Córdoba 1712
-58.3976293530614,-34.5998403943766,217,D,FACULTAD DE MEDICINA,6,a Catedral y Congreso de Tucumán,,False,True,False,False,False,False,Córdoba,2120,,Balvanera,Comuna 3,Vestíbulo intermedio,Boca de subte,CORDOBA AV. 2120,Córdoba 2120
-58.3980802174952,-34.599845945034,218,D,FACULTAD DE MEDICINA,4,a Catedral y Congreso de Tucumán,,False,True,False,False,False,False,Córdoba,2150,,Balvanera,Comuna 3,Vestíbulo intermedio,Boca de subte,CORDOBA AV. 2150,Córdoba 2150
-58.3974904547774,-34.5995551345576,219,D,FACULTAD DE MEDICINA,3,a Catedral y Congreso de Tucumán,,False,True,False,False,False,False,Córdoba,2115,,Recoleta,Comuna 2,Vestíbulo intermedio,Boca de subte,CORDOBA AV. 2115,Córdoba 2115
-58.3981821955257,-34.5998417419274,220,D,FACULTAD DE MEDICINA,2,a Congreso de Tucumán,,False,False,False,True,False,False,Córdoba,2152,,Balvanera,Comuna 3,Andén a C. de Tucumán,Boca de subte,CORDOBA AV. 2152,Córdoba 2152
-58.3978367172056,-34.5996319359047,221,D,FACULTAD DE MEDICINA,1,Salida únicamente,,False,False,True,False,False,False,Córdoba,2160,,Balvanera,Comuna 3,Salida únicamente,Boca de subte,CORDOBA AV. 2160,Córdoba 2160
-58.4026575399618,-34.5944680479434,222,D,PUEYRREDON,2,Salida únicamente,H,False,False,True,False,False,False,Santa Fe,2514,,Recoleta,Comuna 2,Salida únicamente,Boca de subte,SANTA FE AV. 2514,Santa Fe 2514
-58.4025996493511,-34.5942718005731,223,D,PUEYRREDON,1,a Catedral y Congreso de Tucumán,H,False,True,False,False,False,False,Santa Fe,2517,,Recoleta,Comuna 2,Andén central,Boca de subte,SANTA FE AV. 2517,Santa Fe 2517
-58.4069805497395,-34.5919597934683,224,D,AGÜERO,4,Salida únicamente,,False,False,True,False,False,False,Santa Fe,2880,,Recoleta,Comuna 2,Salida únicamente,Boca de subte,SANTA FE AV. 2880,Santa Fe 2880
-58.4073631192015,-34.5916030289749,225,D,AGÜERO,2,a Catedral y Congreso de Tucumán,,False,True,False,False,False,False,Santa Fe,2906,,Recoleta,Comuna 2,Pasillo intermedio,Boca de subte,SANTA FE AV. 2906,Santa Fe 2906
-58.4072064964015,-34.5914367326655,226,D,AGÜERO,1,a Catedral y Congreso de Tucumán,,False,True,False,False,False,False,Santa Fe,2915,,Recoleta,Comuna 2,Pasillo intermedio,Boca de subte,SANTA FE AV. 2915,Santa Fe 2915
-58.40683166257,-34.5917979671415,227,D,AGÜERO,3,a Catedral y Congreso de Tucumán,,False,True,False,False,False,False,Santa Fe,2885,,Recoleta,Comuna 2,Pasillo intermedio,Boca de subte,SANTA FE AV. 2885,Santa Fe 2885
-58.4109887714674,-34.5885675150876,228,D,BULNES,4,Salida únicamente,,False,False,True,False,False,False,Santa Fe,3256,,Palermo,Comuna 14,Salida únicamente,Boca de subte,SANTA FE AV. 3256,Santa Fe 3256
-58.4114660373987,-34.5882467588719,229,D,BULNES,2,a Congreso de Tucumán,,False,True,False,False,False,False,Santa Fe,3300,,Palermo,Comuna 14,Andén a C. de Tucumán,Boca de subte,SANTA FE AV. 3300,Santa Fe 3300
-58.4113153197248,-34.5880933931455,230,D,BULNES,1,a Catedral,,False,True,False,False,False,False,Santa Fe,3295,,Palermo,Comuna 14,Andén a Catedral,Boca de subte,SANTA FE AV. 3295,Santa Fe 3295
-58.4108701856101,-34.5881220607065,231,D,BULNES,3,a Catedral,,False,True,True,False,False,False,Santa Fe,3261,,Palermo,Comuna 14,Andén a Catedral,Boca de subte,SANTA FE AV. 3261,Santa Fe 3261
-58.4158345444851,-34.5853559602569,232,D,R.SCALABRINI ORTIZ,4,a Catedral y Congreso de Tucumán,,False,True,False,False,False,False,Santa Fe,3684,,Palermo,Comuna 14,Pasillo intermedio,Boca de subte,SANTA FE AV. 3684,Santa Fe 3684
-58.4162387955436,-34.5852110342615,233,D,R.SCALABRINI ORTIZ,2,a Congreso de Tucumán,,False,True,False,False,False,False,Scalabrini,2494,,Palermo,Comuna 14,Andén a C. de Tucumán,Boca de subte,"SCALABRINI ORTIZ, RAUL AV. 2494",Scalabrini 2494
-58.4159890964988,-34.5849933355491,234,D,R.SCALABRINI ORTIZ,1,a Catedral,,False,True,False,False,False,False,Santa Fe,3711,,Palermo,Comuna 14,Andén a Catedral,Boca de subte,SANTA FE AV. 3711,Santa Fe 3711
-58.4156549019763,-34.5852172656747,235,D,R.SCALABRINI ORTIZ,3,a Catedral y Congreso de Tucumán,,False,True,False,False,False,False,Santa Fe,3679,,Palermo,Comuna 14,Pasillo intermedio,Boca de subte,SANTA FE AV. 3679,Santa Fe 3679
-58.4203066667055,-34.5823129813471,236,D,PLAZA ITALIA,6,a Catedral y Congreso de Tucumán,,False,True,False,False,False,False,Santa Fe,4002,,Palermo,Comuna 14,Andén central,Boca de subte,SANTA FE AV. 4002,Santa Fe 4002
-58.4204184791757,-34.5822433125852,237,D,PLAZA ITALIA,4,Salida únicamente,,True,False,True,False,False,False,Santa Fe,4026,,Palermo,Comuna 14,Salida únicamente,Boca de subte,SANTA FE AV. 4026,Santa Fe 4026
-58.4216861120757,-34.5813618056282,238,D,PLAZA ITALIA,2,a Catedral y Congreso de Tucumán,,False,True,False,False,False,False,Santa Fe,4196,,Palermo,Comuna 14,Andén central,Boca de subte,SANTA FE AV. 4196,Santa Fe 4196
-58.421418203322,-34.5811730255418,239,D,PLAZA ITALIA,3,a Catedral y Congreso de Tucumán,,False,True,False,False,False,False,Santa Fe,4193,,Palermo,Comuna 14,Andén central,Boca de subte,SANTA FE AV. 4193,Santa Fe 4193
-58.4214856326109,-34.5811281796147,240,D,PLAZA ITALIA,1,a Catedral y Congreso de Tucumán,,False,True,False,False,False,False,Santa Fe,4195,,Palermo,Comuna 14,Andén central,Boca de subte,SANTA FE AV. 4195,Santa Fe 4195
-58.4201396687731,-34.5818657960186,241,D,PLAZA ITALIA,5,a Catedral y Congreso de Tucumán,,True,True,False,False,False,False,Santa Fe,4150,,Palermo,Comuna 14,Andén central,Boca de subte,SANTA FE AV. 4150,Santa Fe 4150
-58.426004712839,-34.578464777189,242,D,PALERMO,4,Salida únicamente,,False,False,True,False,False,False,Santa Fe,4636,,Palermo,Comuna 14,Salida únicamente,Boca de subte,SANTA FE AV. 4636,Santa Fe 4636
-58.4264205446066,-34.5783164864001,243,D,PALERMO,2,a Catedral y Congreso de Tucumán,,False,True,False,False,False,False,Santa Fe,4700,,Palermo,Comuna 14,Andén central,Boca de subte,SANTA FE AV. 4700,Santa Fe 4700
-58.4258330284275,-34.5782076558521,244,D,PALERMO,1,a Catedral y Congreso de Tucumán,,False,True,False,False,False,False,Santa Fe,4719,1,Palermo,Comuna 14,Andén central,Boca de subte,SANTA FE AV. 4719,Santa Fe 4719
-58.434449056736,-34.5755772364387,245,D,MINISTRO CARRANZA - MIGUEL ABUELO,4,a Catedral y Congreso de Tucumán,,False,True,False,False,True,False,Arévalo,2400,,Palermo,Comuna 14,Vestíbulo intermedio,Boca de subte,AREVALO 2400,Arévalo 2400
-58.4340276953797,-34.5754651076776,246,D,MINISTRO CARRANZA - MIGUEL ABUELO,7,a Catedral y Congreso de Tucumán,,False,True,False,False,False,False,Santa Fe,5271,,Palermo,Comuna 14,Vestíbulo intermedio,Boca de subte,SANTA FE AV. 5271,Santa Fe 5271
-58.4342810462991,-34.5753357995399,247,D,MINISTRO CARRANZA - MIGUEL ABUELO,5,a Catedral y Congreso de Tucumán,,False,True,False,False,False,False,Santa Fe,5319,,Palermo,Comuna 14,Vestíbulo intermedio,Boca de subte,SANTA FE AV. 5319,Santa Fe 5319
-58.4345955217616,-34.5752041466816,248,D,MINISTRO CARRANZA - MIGUEL ABUELO,3,a Catedral y Congreso de Tucumán,,False,True,False,False,False,False,Santa Fe,5321,,Palermo,Comuna 14,Vestíbulo intermedio,Boca de subte,SANTA FE AV. 5321,Santa Fe 5321
-58.4348064426545,-34.5754239993773,249,D,MINISTRO CARRANZA - MIGUEL ABUELO,2,a Catedral y Congreso de Tucumán,,False,True,False,False,True,False,Santa Fe,5376,,Palermo,Comuna 14,Vestíbulo intermedio,Boca de subte,SANTA FE AV. 5376,Santa Fe 5376
-58.4441691603457,-34.5704510587263,250,D,OLLEROS,4,a Catedral y Congreso de Tucumán,,False,True,False,False,False,False,Cabildo,714,,Colegiales,Comuna 13,Vestíbulo intermedio,Boca de subte,CABILDO AV. 714,Cabildo 714
-58.4441790235737,-34.5701283366683,251,D,OLLEROS,3,a Catedral y Congreso de Tucumán,,False,True,False,False,False,False,Cabildo,715,,Palermo,Comuna 14,Vestíbulo intermedio,Boca de subte,CABILDO AV. 715,Cabildo 715
-58.44448550163,-34.5699784014409,252,D,OLLEROS,1,a Catedral y Congreso de Tucumán,,False,True,False,False,False,False,Cabildo,759,,Palermo,Comuna 14,Vestíbulo intermedio,Boca de subte,CABILDO AV. 759,Cabildo 759
-58.4447000001069,-34.5701818943593,253,D,OLLEROS,2,a Catedral y Congreso de Tucumán,,False,True,False,False,False,False,Cabildo,790,,Colegiales,Comuna 13,Vestíbulo intermedio,Boca de subte,CABILDO AV. 790,Cabildo 790
-58.4520650417045,-34.5664219819869,254,D,JOSE HERNANDEZ,4,a Catedral y Congreso de Tucumán,,False,True,False,False,False,True,Cabildo,1574,,Colegiales,Comuna 13,Vestíbulo intermedio,Boca de subte,CABILDO AV. 1574,Cabildo 1574
-58.4519465102039,-34.5661414211478,255,D,JOSE HERNANDEZ,3,a Catedral y Congreso de Tucumán,,False,True,False,False,False,False,Cabildo,1577,,Belgrano,Comuna 13,Vestíbulo intermedio,Boca de subte,CABILDO AV. 1577,Cabildo 1577
-58.4523014527178,-34.5662841575709,256,D,JOSE HERNANDEZ,2,a Catedral y Congreso de Tucumán,,False,True,False,False,False,False,Cabildo,1594,,Colegiales,Comuna 13,Vestíbulo intermedio,Boca de subte,CABILDO AV. 1594,Cabildo 1594
-58.4522957737519,-34.5659533166214,257,D,JOSE HERNANDEZ,1,Salida únicamente,,False,False,True,False,False,False,Cabildo,1621,,Belgrano,Comuna 13,Salida únicamente,Boca de subte,CABILDO AV. 1621,Cabildo 1621
-58.4559730336955,-34.5626472753414,258,D,JURAMENTO,5,Salida únicamente,,False,False,True,False,False,False,Cabildo,2015,,Belgrano,Comuna 13,Salida únicamente,Boca de subte,CABILDO AV. 2015,Cabildo 2015
-58.456327939588,-34.5626855295467,259,D,JURAMENTO,4,a Catedral y Congreso de Tucumán,,False,True,True,False,False,False,Cabildo,2040,,Belgrano,Comuna 13,Vestíbulo intermedio,Boca de subte,CABILDO AV. 2040,Cabildo 2040
-58.45634761804,-34.5621971792245,260,D,JURAMENTO,1,Salida únicamente,,False,False,True,False,False,False,Cabildo,2077,,Belgrano,Comuna 13,Salida únicamente,Boca de subte,CABILDO AV. 2077,Cabildo 2077
-58.4566269228169,-34.5623419636406,261,D,JURAMENTO,2,a Catedral y Congreso de Tucumán,,False,True,True,False,False,False,Cabildo,2080,,Belgrano,Comuna 13,Vestíbulo intermedio,Boca de subte,CABILDO AV. 2080,Cabildo 2080
-58.4561206929737,-34.5624637205422,262,D,JURAMENTO,3,a Catedral y Congreso de Tucumán,,False,False,False,True,False,False,Cabildo,2043,,Belgrano,Comuna 13,Vestíbulo intermedio,Boca de subte,CABILDO AV. 2043,Cabildo 2043
-58.4619003597224,-34.5564204742561,263,D,CONGRESO DE TUCUMAN,8,a Catedral,,False,True,False,False,False,False,Cabildo,2802,,Belgrano,Comuna 13,Vestíbulo intermedio,Boca de subte,CABILDO AV. 2802,Cabildo 2802
-58.4618526316835,-34.555915958057,264,D,CONGRESO DE TUCUMAN,3,a Catedral,,False,True,False,False,False,False,Cabildo,2831,,Belgrano,Comuna 13,Vestíbulo intermedio,Boca de subte,CABILDO AV. 2831,Cabildo 2831
-58.4625303224064,-34.5557588310418,265,D,CONGRESO DE TUCUMAN,4,a Catedral,,False,True,True,False,False,False,Cabildo,2860,,Belgrano,Comuna 13,Vestíbulo intermedio,Boca de subte,CABILDO AV. 2860,Cabildo 2860
-58.4620603352118,-34.5556976113423,266,D,CONGRESO DE TUCUMAN,1,a Catedral,,False,True,False,False,False,False,Cabildo,2869,,Belgrano,Comuna 13,Vestíbulo intermedio,Boca de subte,CABILDO AV. 2869,Cabildo 2869
-58.4622470567245,-34.5560592339421,267,D,CONGRESO DE TUCUMAN,6,a Catedral,,False,True,True,False,False,False,Cabildo,2834,,Belgrano,Comuna 13,Vestíbulo intermedio,Boca de subte,CABILDO AV. 2834,Cabildo 2834
-58.3737281220748,-34.6094736710576,268,E,BOLIVAR,3,Salida únicamente,A-D,False,False,True,False,False,False,Presidente Julio Roca,516,,Monserrat,Comuna 1,Salida únicamente,Boca de subte,"ROCA, JULIO A., PRESIDENTE DIAGONAL SUR AV. 516",Presidente Julio Roca 516
-58.373422273533,-34.6091738071059,269,E,BOLIVAR,1,a Plaza de los Virreyes,A-D,False,True,False,False,False,False,Hipólito Yrigoyen,500,,Monserrat,Comuna 1,Andén a Plaza de los Virreyes,Boca de subte,"YRIGOYEN, HIPOLITO AV. 500",Hipólito Yrigoyen 500
-58.3736240226788,-34.6090178588667,270,E,BOLIVAR,2,a Plaza de los Virreyes,A-D,False,True,False,False,False,False,Hipólito Yrigoyen,501,,Monserrat,Comuna 1,Andén a Plaza de los Virreyes,Boca de subte,"YRIGOYEN, HIPOLITO 501",Hipólito Yrigoyen 501
-58.3747482059695,-34.6098236150873,271,E,BOLIVAR,4,a Plaza de los Virreyes,A-D,True,True,False,False,False,False,Perú,164,,Monserrat,Comuna 1,Andén a Plaza de los Virreyes,Boca de subte,PERU 164,Perú 164
-58.374459445909,-34.6101506854454,272,E,BOLIVAR,5,a Plaza de los Virreyes,A-D,True,True,False,False,False,False,Presidente Julio Roca,590,,Monserrat,Comuna 1,Andén a Plaza de los Virreyes,Boca de subte,"ROCA, JULIO A., PRESIDENTE DIAGONAL SUR AV. 590",Presidente Julio Roca 590
-58.3750247046932,-34.6106734712857,273,E,BOLIVAR,7,a Plaza de los Virreyes,A-D,True,True,False,False,False,False,Presidente Julio Roca,610,,Monserrat,Comuna 1,Andén a Plaza de los Virreyes,Boca de subte,"ROCA, JULIO A., PRESIDENTE DIAGONAL SUR AV. 610",Presidente Julio Roca 610
-58.3778251970928,-34.6127771037083,274,E,BELGRANO,3,a Retiro y Plaza de los Virreyes,,False,True,False,False,False,False,Belgrano,809,,Monserrat,Comuna 1,Vestíbulo intermedio,Boca de subte,BELGRANO AV. 809,Belgrano 809
-58.3778057448191,-34.6129713453355,275,E,BELGRANO,4,a Retiro y Plaza de los Virreyes,,False,True,False,False,False,False,Belgrano,802,,Monserrat,Comuna 1,Vestíbulo intermedio,Boca de subte,BELGRANO AV. 802,Belgrano 802
-58.3781575481961,-34.6127902121719,276,E,BELGRANO,1,a Retiro y Plaza de los Virreyes,,False,True,False,False,False,False,Belgrano,835,,Monserrat,Comuna 1,Vestíbulo intermedio,Boca de subte,BELGRANO AV. 835,Belgrano 835
-58.3781248256853,-34.6129863120864,277,E,BELGRANO,2,a Retiro y Plaza de los Virreyes,,False,True,False,False,False,False,Belgrano,836,,Monserrat,Comuna 1,Vestíbulo intermedio,Boca de subte,BELGRANO AV. 836,Belgrano 836
-58.3815928448773,-34.6182639095436,278,E,INDEPENDENCIA,4,Salida únicamente,C,False,False,True,False,False,False,Lima,875,,Constitucion,Comuna 1,Salida únicamente,Boca de subte,LIMA 875,Lima 875
-58.3816086370507,-34.6179693710116,279,E,INDEPENDENCIA,2,a Retiro y Plaza de los Virreyes,C,False,True,False,False,False,False,Lima,845,,Constitucion,Comuna 1,Vestíbulo intermedio,Boca de subte,LIMA 845,Lima 845
-58.3853503044593,-34.622264228627,280,E,SAN JOSE,1,a Retiro y Plaza de los Virreyes,,False,True,False,False,False,False,San Juan,1369,,Constitucion,Comuna 1,Vestíbulo intermedio,Boca de subte,SAN JUAN AV. 1369,San Juan 1369
-58.3848887025854,-34.6222424138766,281,E,SAN JOSE,3,a Retiro y Plaza de los Virreyes,,False,True,False,False,False,False,San Juan,1329,,Constitucion,Comuna 1,Vestíbulo intermedio,Boca de subte,SAN JUAN AV. 1329,San Juan 1329
-58.3913491808363,-34.6229631135916,282,E,ENTRE RIOS - RODOLFO WALSH,4,a Retiro y Plaza de los Virreyes,,False,True,False,False,False,False,Entre Ríos,1216,,Constitucion,Comuna 1,Vestíbulo intermedio,Boca de subte,ENTRE RIOS AV. 1216,Entre Ríos 1216
-58.3915903719522,-34.6229787563849,283,E,ENTRE RIOS - RODOLFO WALSH,2,a Retiro y Plaza de los Virreyes,,False,True,False,False,False,False,Entre Ríos,1217,,San Cristobal,Comuna 3,Vestíbulo intermedio,Boca de subte,ENTRE RIOS AV. 1217,Entre Ríos 1217
-58.39138162646,-34.6224847670026,284,E,ENTRE RIOS - RODOLFO WALSH,3,a Retiro y Plaza de los Virreyes,,False,True,False,False,False,False,Entre Ríos,1184,,Constitucion,Comuna 1,Vestíbulo intermedio,Boca de subte,ENTRE RIOS AV. 1184,Entre Ríos 1184
-58.4030860436761,-34.6237918942857,285,E,JUJUY,1,a Retiro y Plaza de los Virreyes,H,False,True,False,False,False,False,San Juan,2743,,San Cristobal,Comuna 3,Vestíbulo intermedio,Boca de subte,SAN JUAN AV. 2743,San Juan 2743
-58.4026859437426,-34.6237351721855,286,E,JUJUY,3,a Retiro y Plaza de los Virreyes,H,False,True,False,False,False,False,San Juan,2705,,San Cristobal,Comuna 3,Vestíbulo intermedio,Boca de subte,SAN JUAN AV. 2705,San Juan 2705
-58.4027333449737,-34.6239460923339,287,E,JUJUY,4,a Retiro y Plaza de los Virreyes,H,False,True,False,False,False,False,San Juan,2730,,San Cristobal,Comuna 3,Vestíbulo intermedio,Boca de subte,SAN JUAN AV. 2730,San Juan 2730
-58.4031550849783,-34.6239998306524,288,E,JUJUY,2,a Retiro y Plaza de los Virreyes,H,False,True,False,False,False,False,San Juan,2764,,San Cristobal,Comuna 3,Vestíbulo intermedio,Boca de subte,SAN JUAN AV. 2764,San Juan 2764
-58.4095253374491,-34.6245886106229,289,E,URQUIZA,3,a Retiro y Plaza de los Virreyes,,False,True,False,False,False,False,San Juan,3141,,San Cristobal,Comuna 3,Vestíbulo intermedio,Boca de subte,SAN JUAN AV. 3141,San Juan 3141
-58.4098655565043,-34.6246179229059,290,E,URQUIZA,1,a Retiro y Plaza de los Virreyes,,False,True,False,False,False,False,San Juan,3161,,San Cristobal,Comuna 3,Vestíbulo intermedio,Boca de subte,SAN JUAN AV. 3161,San Juan 3161
-58.4094886214233,-34.6247692287559,291,E,URQUIZA,2,a Retiro y Plaza de los Virreyes,,False,True,False,False,False,False,San Juan,3144,,San Cristobal,Comuna 3,Vestíbulo intermedio,Boca de subte,SAN JUAN AV. 3144,San Juan 3144
-58.4159629809248,-34.6256936130946,292,E,BOEDO,2,a Retiro y Plaza de los Virreyes,,False,True,False,False,False,False,Boedo,1014,,Boedo,Comuna 5,Andén central,Boca de subte,BOEDO AV. 1014,Boedo 1014
-58.4161925832396,-34.6257183647322,293,E,BOEDO,4,a Retiro y Plaza de los Virreyes,,False,True,False,False,False,False,Boedo,1011,,Boedo,Comuna 5,Andén central,Boca de subte,BOEDO AV. 1011,Boedo 1011
-58.4160071074626,-34.6251221466679,294,E,BOEDO,3,a Retiro y Plaza de los Virreyes,,False,True,False,False,False,False,Boedo,966,,Boedo,Comuna 5,Andén central,Boca de subte,BOEDO AV. 966,Boedo 966
-58.4162345821305,-34.6251784064491,295,E,BOEDO,1,a Retiro y Plaza de los Virreyes,,False,True,False,False,False,False,Boedo,981,,Boedo,Comuna 5,Andén central,Boca de subte,BOEDO AV. 981,Boedo 981
-58.4262100846352,-34.6270277917737,296,E,AV. LA PLATA,6,a Retiro y Plaza de los Virreyes,,False,True,False,False,False,False,San Juan,4370,,Boedo,Comuna 5,Andén central,Boca de subte,SAN JUAN AV. 4370,San Juan 4370
-58.4264609761361,-34.6270642564661,297,E,AV. LA PLATA,4,a Retiro y Plaza de los Virreyes,,False,True,False,False,False,False,San Juan,4396,,Boedo,Comuna 5,Andén central,Boca de subte,SAN JUAN AV. 4396,San Juan 4396
-58.4262555030037,-34.6268244714352,298,E,AV. LA PLATA,5,a Retiro y Plaza de los Virreyes,,False,True,False,False,False,False,San Juan,4361,,Boedo,Comuna 5,Andén central,Boca de subte,SAN JUAN AV. 4361,San Juan 4361
-58.4265102326332,-34.6268641546454,299,E,AV. LA PLATA,3,a Retiro y Plaza de los Virreyes,,False,True,False,False,False,False,San Juan,4397,,Boedo,Comuna 5,Andén central,Boca de subte,SAN JUAN AV. 4397,San Juan 4397
-58.4270133018146,-34.6269415966411,300,E,AV. LA PLATA,1,a Retiro y Plaza de los Virreyes,,False,True,False,False,False,False,Directorio,11,,Caballito,Comuna 6,Andén central,Boca de subte,DIRECTORIO AV. 11,Directorio 11
-58.4269734392698,-34.6271297133196,301,E,AV. LA PLATA,2,a Retiro y Plaza de los Virreyes,,False,True,False,False,False,False,Directorio,12,,Parque Chacabuco,Comuna 7,Andén central,Boca de subte,DIRECTORIO AV. 12,Directorio 12
-58.4338648437152,-34.628265919314,302,E,JOSE MARIA MORENO,2,a Retiro y Plaza de los Virreyes,,False,True,False,False,False,False,José María Moreno,813,,Parque Chacabuco,Comuna 7,Vestíbulo intermedio,Boca de subte,"MORENO, JOSE MARIA AV. 813",José María Moreno 813
-58.4339721567684,-34.6278378789258,303,E,JOSE MARIA MORENO,1,a Retiro y Plaza de los Virreyes,,False,True,False,False,False,False,José María Moreno,793,,Caballito,Comuna 6,Vestíbulo intermedio,Boca de subte,"MORENO, JOSE MARIA AV. 793",José María Moreno 793
-58.4337522229828,-34.6278038348005,304,E,JOSE MARIA MORENO,3,a Retiro y Plaza de los Virreyes,,False,True,False,False,False,False,José María Moreno,790,,Caballito,Comuna 6,Vestíbulo intermedio,Boca de subte,"MORENO, JOSE MARIA AV. 790",José María Moreno 790
-58.4335242877126,-34.62807349734,305,E,JOSE MARIA MORENO,4,a Retiro y Plaza de los Virreyes,,False,True,False,False,False,False,Directorio,486,,Parque Chacabuco,Comuna 7,Vestíbulo intermedio,Boca de subte,DIRECTORIO AV. 486,Directorio 486
-58.4420263060704,-34.6308228303251,306,E,EMILIO MITRE,2,a Retiro y Plaza de los Virreyes,,False,True,False,False,False,False,Eva Perón,1193,,Parque Chacabuco,Comuna 7,Vestíbulo intermedio,Boca de subte,"PERON, EVA AV. 1193",Eva Perón 1193
-58.4420728587085,-34.6314542683564,307,E,EMILIO MITRE,1,a Retiro y Plaza de los Virreyes,,False,True,False,False,False,False,Emilio Mitre,855,,Parque Chacabuco,Comuna 7,Vestíbulo intermedio,Boca de subte,"MITRE, EMILIO 855",Emilio Mitre 855
-58.4501239524895,-34.6364380641018,308,E,MEDALLA MILAGROSA,1,a Retiro y Plaza de los Virreyes,,False,True,False,False,False,False,Eva Perón,1953,,Parque Chacabuco,Comuna 7,Vestíbulo intermedio,Boca de subte,"PERON, EVA AV. 1953",Eva Perón 1953
-58.4578925044446,-34.6398459655059,309,E,VARELA,1,a Retiro y Plaza de los Virreyes,,False,True,False,False,False,False,Varela,940,,Flores,Comuna 7,Vestíbulo intermedio,Boca de subte,VARELA AV. 940,Varela 940
-58.4614828150678,-34.643042644561,310,E,PLAZA DE LOS VIRREYES - EVA PERÓN,1,a Retiro,P,False,True,False,False,False,False,Lafuente,1150,,Flores,Comuna 7,Andén a Bolívar,Boca de subte,LAFUENTE AV. 1150,Lafuente 1150
-58.406187718476,-34.6090509666734,311,H,ONCE - 30 DE DICIEMBRE,2,a Las Heras y Hospitales,A,False,True,True,False,False,False,Pueyrredón,100,,Balvanera,Comuna 3,Vestíbulo intermedio,Boca de subte,PUEYRREDON AV. 100,Pueyrredón 100
-58.4058954169208,-34.6089465827955,312,H,ONCE - 30 DE DICIEMBRE,1,a Las Heras y Hospitales,A,False,True,False,False,False,False,Pueyrredón,91,,Balvanera,Comuna 3,Vestíbulo intermedio,Boca de subte,PUEYRREDON AV. 91,Pueyrredón 91
-58.4058671917327,-34.6092831132795,313,H,ONCE - 30 DE DICIEMBRE,5,a Las Heras y Hospitales,A,False,True,False,False,False,False,Pueyrredón,59,,Balvanera,Comuna 3,Vestíbulo intermedio,Boca de subte,PUEYRREDON AV. 59,Pueyrredón 59
-58.4058766919082,-34.6091130259712,314,H,ONCE - 30 DE DICIEMBRE,3,a Las Heras y Hospitales,A,False,False,False,True,False,False,Pueyrredón,79,,Balvanera,Comuna 3,Vestíbulo intermedio,Boca de subte,PUEYRREDON AV. 79,Pueyrredón 79
-58.404694449722,-34.6149425821075,315,H,VENEZUELA,1,Salida únicamente,,False,False,True,False,False,False,Jujuy,422,,Balvanera,Comuna 3,Salida únicamente,Boca de subte,JUJUY AV. 422,Jujuy 422
-58.4049356586286,-34.6149819154542,316,H,VENEZUELA,2,Salida únicamente,,False,False,True,False,False,False,Jujuy,425,,Balvanera,Comuna 3,Salida únicamente,Boca de subte,JUJUY AV. 425,Jujuy 425
-58.4045278034955,-34.615519414736,317,H,VENEZUELA,3,a Las Heras y Hospitales,,False,True,False,False,False,False,Jujuy,482,,Balvanera,Comuna 3,Vestíbulo intermedio,Boca de subte,JUJUY AV. 482,Jujuy 482
-58.4047663532823,-34.6155646609541,318,H,VENEZUELA,6,a Las Heras y Hospitales,,False,True,False,False,False,False,Jujuy,487,,Balvanera,Comuna 3,Vestíbulo intermedio,Boca de subte,JUJUY AV. 487,Jujuy 487
-58.4048567125294,-34.6152525927064,319,H,VENEZUELA,4,a Las Heras y Hospitales,,False,False,False,True,False,False,jujuy,449,,Balvanera,Comuna 3,Vestíbulo intermedio,Boca de subte,JUJUY AV. 449,jujuy 449
-58.401572467648,-34.623603392805,320,H,HUMBERTO 1°,7,a Las Heras y Hospitales,,False,True,False,False,False,False,San Juan,2647,,San Cristobal,Comuna 3,Vestíbulo intermedio,Boca de subte,SAN JUAN AV. 2647,San Juan 2647
-58.402221752427,-34.6230165440874,321,H,HUMBERTO 1°,3,Salida únicamente,,True,False,True,False,False,False,Jujuy,1142,,San Cristobal,Comuna 3,Salida únicamente,Boca de subte,JUJUY AV. 1142,Jujuy 1142
-58.4024779976517,-34.6230169883364,322,H,HUMBERTO 1°,2,a Las Heras y Hospitales,,True,True,False,False,False,False,Jujuy,1133,,San Cristobal,Comuna 3,Vestíbulo intermedio,Boca de subte,JUJUY AV. 1133,Jujuy 1133
-58.4021879223851,-34.6224734665026,323,H,HUMBERTO 1°,1,a Las Heras y Hospitales,,True,True,False,False,False,False,Humberto 1°,2666,,San Cristobal,Comuna 3,Vestíbulo intermedio,Boca de subte,HUMBERTO 1° 2666,Humberto 1° 2666
-58.4021541920652,-34.6232750395688,324,H,HUMBERTO 1°,5,a Las Heras y Hospitales,,False,False,False,True,False,False,Jujuy,1197,,San Cristobal,Comuna 3,Vestíbulo intermedio,Boca de subte,JUJUY AV. 1197,Jujuy 1197
-58.4011606017968,-34.6290252823082,325,H,INCLAN - MEZQUITA AL AHMAD,2,a Las Heras y Hospitales,,False,True,False,False,False,False,Jujuy,1615,,Parque Patricios,Comuna 4,Vestíbulo intermedio,Boca de subte,JUJUY AV. 1615,Jujuy 1615
-58.4009183480936,-34.6289961034967,326,H,INCLAN - MEZQUITA AL AHMAD,1,Salida únicamente,,False,False,True,False,False,False,Jujuy,1618,,Parque Patricios,Comuna 4,Salida únicamente,Boca de subte,JUJUY AV. 1618,Jujuy 1618
-58.4007908061752,-34.6297881750776,327,H,INCLAN - MEZQUITA AL AHMAD,3,a Las Heras y Hospitales,,True,True,False,False,False,False,Jujuy,1680,,Parque Patricios,Comuna 4,Vestíbulo intermedio,Boca de subte,JUJUY AV. 1680,Jujuy 1680
-58.4010268241674,-34.6298206491965,328,H,INCLAN - MEZQUITA AL AHMAD,6,Salida únicamente,,True,False,True,False,False,False,Jujuy,1691,,Parque Patricios,Comuna 4,Salida únicamente,Boca de subte,JUJUY AV. 1691,Jujuy 1691
-58.4011343260664,-34.6291905012408,329,H,INCLAN - MEZQUITA AL AHMAD,4,a Las Heras y Hospitales,,False,False,False,True,False,False,Jujuy,1633,,Parque Patricios,Comuna 4,Vestíbulo intermedio,Boca de subte,JUJUY AV. 1633,Jujuy 1633
-58.3990611192492,-34.6350212938628,330,H,CASEROS,1,Salida únicamente,,False,False,True,False,False,False,Jujuy,2112,,Parque Patricios,Comuna 4,Salida únicamente,Boca de subte,JUJUY AV. 2112,Jujuy 2112
-58.3992843355741,-34.6351242306099,331,H,CASEROS,2,a Las Heras y Hospitales,,False,True,False,False,False,False,Jujuy,2129,,Parque Patricios,Comuna 4,Vestíbulo intermedio,Boca de subte,JUJUY AV. 2129,Jujuy 2129
-58.3988921474059,-34.6355521534918,332,H,CASEROS,3,Salida únicamente,,False,False,True,False,False,False,Jujuy,2180,,Parque Patricios,Comuna 4,Salida únicamente,Boca de subte,JUJUY AV. 2180,Jujuy 2180
-58.399133261202,-34.6356142953859,333,H,CASEROS,6,a Las Heras y Hospitales,,False,True,False,False,False,False,Jujuy,2185,,Parque Patricios,Comuna 4,Vestíbulo intermedio,Boca de subte,JUJUY AV. 2185,Jujuy 2185
-58.3992174185089,-34.6353530460408,334,H,CASEROS,4,a Las Heras y Hospitales,,False,False,False,True,False,False,Jujuy,2179,,Parque Patricios,Comuna 4,Vestíbulo intermedio,Boca de subte,JUJUY AV. 2179,Jujuy 2179
-58.4057963350147,-34.6375900422711,335,H,PARQUE PATRICIOS,2,a Las Heras y Hospitales,,False,False,False,True,False,False,Monteagudo,35,,Parque Patricios,Comuna 4,Vestíbulo intermedio,Boca de subte,MONTEAGUDO 35,Monteagudo 35
-58.4059347738005,-34.6375138750739,336,H,PARQUE PATRICIOS,1,a Las Heras y Hospitales,,False,True,True,False,False,False,Monteagudo,29,,Parque Patricios,Comuna 4,Vestíbulo intermedio,Boca de subte,MONTEAGUDO 29,Monteagudo 29
-58.4124295130233,-34.6415503145927,337,H,HOSPITALES,1,a Las Heras,,False,True,True,False,False,False,Almafuerte,270,,Parque Patricios,Comuna 4,Vestíbulo intermedio,Boca de subte,ALMAFUERTE AV. 270,Almafuerte 270
-58.4125559138146,-34.6418234388572,338,H,HOSPITALES,5,a Las Heras,,False,True,True,False,False,False,Almafuerte,302,,Parque Patricios,Comuna 4,Vestíbulo intermedio,Boca de subte,ALMAFUERTE AV. 302,Almafuerte 302
-58.4127693299993,-34.6415445520891,339,H,HOSPITALES,2,a Las Heras,,False,True,False,False,False,False,Almafuerte,279,,Nueva Pompeya,Comuna 4,Vestíbulo intermedio,Boca de subte,ALMAFUERTE AV. 279,Almafuerte 279
-58.412438156482,-34.641686268598,340,H,HOSPITALES,3,a Las Heras,,False,False,False,True,False,False,Almafuerte,286,,Parque Patricios,Comuna 4,Vestíbulo intermedio,Boca de subte,ALMAFUERTE AV. 286,Almafuerte 286
-58.4034631264094,-34.5987620907231,341,H,CÓRDOBA,2,a Las Heras y Hopitales,,False,True,True,False,False,False,Cordoba,2572,,Balvanera,Comuna 3,Vestíbulo intermedio,Boca de subte,CORDOBA AV. 2572,Cordoba 2572
-58.4020261890136,-34.5943944130817,342,H,SANTA FE - CARLOS JAUREGUI,3,a Las Heras y Hopitales,D,False,True,False,False,False,False,Santa Fe,2491,,Recoleta,Comuna 2,Vestíbulo intermedio,Boca de subte,SANTA FE AV. 2491,Santa Fe 2491
-58.4344646903156,-34.5752644927656,343,D,MINISTRO CARRANZA - MIGUEL ABUELO,1,a Catedral y Congreso de Tucumán,,False,True,False,False,False,False,Santa Fe,5328,,Palermo,Comuna 14,Vestíbulo intermedio,Boca de subte,SANTA FE AV. 5328,Santa Fe 5328
-58.3748260653899,-34.6084840666294,344,A,PERU,1,a Pza. de Mayo,E-D,False,False,False,True,False,False,Avenida de Mayo,599,,Monserrat,Comuna 1,Sólo andén a Pza. de Mayo,Boca de subte,DE MAYO AV. 599,Avenida de Mayo 599
-58.3747681395701,-34.6087046437217,345,A,PERU,2,a San Pedrito,E-D,False,False,False,True,False,False,Avenida de Mayo,598,,Monserrat,Comuna 1,Sólo andén a San Pedrito,Boca de subte,DE MAYO AV. 598,Avenida de Mayo 598
-58.3923444255493,-34.6092960142205,346,A,CONGRESO - PDTE. DR. RAÚL ALFONSÍN,6,a San Pedrito,,False,False,False,True,False,False,Rivadavia,1802,,,,Solo anden a San pedrito,Boca de subte,,Rivadavia 1802
-58.392902730996,-34.6091556158485,347,A,CONGRESO - PDTE. DR. RAÚL ALFONSÍN,5,a Plaza de Mayo,,False,False,False,True,False,False,Rivadavia,1851,,,,Solo anden a Plaza de Mayo,Boca de subte,,Rivadavia 1851
-58.4149137586138,-34.6106737844135,348,A,LORIA,5,a Plaza de Mayo,,False,False,False,True,False,False,Rivadavia,3425,,Almagro,Comuna 5,Solo anden a Plaza de Mayo,Boca de subte,RIVADAVIA AV. 3425,Rivadavia 3425
-58.4213086854366,-34.6117065206801,349,A,CASTRO BARROS,6,a San Pedrito,,False,False,False,True,False,False,Rivadavia,3916,,Almagro,Comuna 5,Solo anden a San Pedrito,Boca de subte,RIVADAVIA AV. 3916,Rivadavia 3916
-58.4412781764527,-34.6205964509408,350,A,PRIMERA JUNTA,2,a San Pedrito,,False,False,False,True,False,False,Del Barco Centenera,11,,Caballito,Comuna 6,Vestíbulo intermedio,Boca de subte,BARCO CENTENERA DEL 11,Del Barco Centenera 11
-58.4663703653828,-34.5839601088473,351,B,TRONADOR - VILLA ORTÚZAR,3,a L. N. Alem y J. M. de Rosas,,False,False,False,True,False,False,Guevara,1600,,Villa Ortuzar,Comuna 15,Andén central,Boca de subte,GUEVARA 1600,Guevara 1600
-58.4735499653176,-34.5818917463499,352,B,DE LOS INCAS - PQUE. CHAS,2,a L. N. Alem y J. M. de Rosas,,False,False,False,True,False,False,Triunvirato,3700,,Villa Ortuzar,Comuna 15,Vestíbulo intermedio,Boca de subte,TRIUNVIRATO AV. 3700,Triunvirato 3700
-58.4808709525874,-34.5780165511151,353,B,ECHEVERRÍA,4,a L. N. Alem y J. M. de Rosas,,False,False,False,True,False,False,Triunvirato,4254,,Villa Urquiza,Comuna 12,Vestíbulo intermedio,Boca de subte,TRIUNVIRATO AV. 4254,Triunvirato 4254
-58.4867988797716,-34.574451313805,354,B,JUAN MANUEL DE ROSAS - VILLA URQUIZA,7,a L. N. Alem,,False,False,False,True,False,False,Monroe,5121,,Villa Urquiza,Comuna 12,Vestíbulo intermedio,Boca de subte,MONROE 5121,Monroe 5121
-58.4879708626428,-34.573937985864,355,B,JUAN MANUEL DE ROSAS - VILLA URQUIZA,2,a L. N. Alem,,False,False,False,True,False,False,Roosevelt,5154,,Villa Urquiza,Comuna 12,Vestíbulo intermedio,Boca de subte,ROOSEVELT FRANKLIN D. AV. 5154,Roosevelt 5154
-58.3810652315602,-34.6275871144793,356,C,CONSTITUCION,3,a Retiro,,False,True,False,False,False,False,Martin Rodriguez,1147,,Boca,Comuna 4,Andén central,Boca de subte,"RODRIGUEZ, MARTIN 1147",Martin Rodriguez 1147
-58.3749152861308,-34.6071096809324,357,D,CATEDRAL,3,a Congreso de Tucumán,A-E,False,True,False,False,False,False,Roque Sánez Peña,582,,,,Andén a C. de Tucumán,Boca de subte,,Roque Sánez Peña 582
-58.462927034302,-34.5553658426134,358,D,CONGRESO DE TUCUMAN,2,a Catedral,,False,True,False,False,False,False,Cabildo,2922,,Nuñez,Comuna 13,Vestíbulo intermedio,Boca de subte,CABILDO AV. 2922,Cabildo 2922
-58.4623810241645,-34.5559130615817,359,D,CONGRESO DE TUCUMAN,10,a Catedral,,False,False,False,True,False,False,Cabildo,2848,,Belgrano,Comuna 13,Vestíbulo intermedio,Boca de subte,CABILDO AV. 2848,Cabildo 2848
-58.3706379704299,-34.6029272357369,361,B,LEANDRO N. ALEM,1,a J. M. de Rosas,,False,True,False,False,False,False,Corrientes,269,,San Nicolas,Comuna 1,Anden central,Boca de subte,CORRIENTES AV. 269,Corrientes 269
-58.3808404793487,-34.6043755082435,362,D,9 DE JULIO,5,a Catedral y Congreso de Tucumán,B-C,False,True,False,False,False,False,Carlos Pellegrini,341,,San Nicolas,Comuna 1,Galería Obelisco Sur,Boca de subte,"PELLEGRINI, CARLOS 341",Carlos Pellegrini 341
-58.3808331802735,-34.6044649434772,363,D,9 DE JULIO,7,a Catedral y Congreso de Tucumán,B-C,False,True,False,False,False,False,Carlos Pellegrini,341,,San Nicolas,Comuna 1,Galería Obelisco Sur,Boca de subte,"PELLEGRINI, CARLOS 341",Carlos Pellegrini 341
-58.402773932668,-34.5950964218447,364,H,SANTA FE - CARLOS JAUREGUI,5,a Las Heras y Hopitales,D,False,True,True,True,False,False,Pueyrredón,1338,,,,Vestíbulo intermedio,Boca de subte,,Pueyrredón 1338
-58.370531484685,-34.6086982598984,365,A,PLAZA DE MAYO,3,a San Pedrito,,False,False,False,True,False,False,Hipólito Yrigoyen,297,,Monserrat,Comuna 1,Andén Central,Boca de subte,"YRIGOYEN, HIPOLITO AV. 297",Hipólito Yrigoyen 297
-58.3981035362633,-34.5996449468336,366,D,FACULTAD DE MEDICINA,5,a Catedral,,False,False,False,True,False,False,Córdoba,2155,,Recoleta,Comuna 2,Andén a Catedral,Boca de subte,CORDOBA AV. 2155,Córdoba 2155
-58.3752402017106,-34.5923638227662,367,E,RETIRO,1,a Plaza de los Virreyes - Eva Perón,C,False,False,False,False,False,False,Ramos mejia,1301,,Retiro,Comuna 1,Vestíbulo intermedio,Boca de subte,"RAMOS MEJIA, JOSE MARIA, DR. AV. 1301",Ramos Mejía 1301
-58.3756331513133,-34.592273401481,368,E,RETIRO,3,a Plaza de los Virreyes - Eva Perón,C,False,False,False,False,False,False,Del Libertador Av,125,,Retiro,Comuna 1,Vestíbulo intermedio,Boca de subte,DEL LIBERTADOR AV. 125,Del Libertador 125
-58.3761025634314,-34.5919666169765,369,E,RETIRO,5,a Plaza de los Virreyes - Eva Perón,C,False,False,False,False,False,False,Del Libertador Av,145,,Retiro,Comuna 1,Vestíbulo intermedio,Boca de subte,DEL LIBERTADOR AV. 145,Del Libertador 145
-58.376536113076,-34.5916871243737,370,E,RETIRO,7,a Plaza de los Virreyes - Eva Perón,C,False,False,False,False,False,False,Del Libertador Av,185,,Retiro,Comuna 1,Vestíbulo intermedio,Boca de subte,DEL LIBERTADOR AV. 185,Del Libertador 185
-58.3759028850134,-34.5927703141959,371,E,RETIRO,2,a Plaza de los Virreyes - Eva Perón,C,False,False,False,False,False,False,Juncal,602,,Retiro,Comuna 1,Vestíbulo intermedio,Boca de subte,JUNCAL 602,Juncal 600
-58.3767688355559,-34.5922200718516,372,E,RETIRO,4,a Plaza de los Virreyes - Eva Perón,C,False,False,False,False,False,False,Basavilbaso,1393,,Retiro,Comuna 1,Vestíbulo intermedio,Boca de subte,BASAVILBASO 1393,Basavilbaso 1393
-58.3725076979358,-34.5962415076608,373,E,CATALINAS,4,a Plaza de los Virreyes - Eva Perón y Retiro,,False,False,False,False,False,False,Leandro N Alem,996,,Retiro,Comuna 1,Vestíbulo intermedio,Boca de subte,"ALEM, LEANDRO N. AV. 996",Leandro N Alem 996
-58.3722309402092,-34.5969012288486,374,E,CATALINAS,2,a Plaza de los Virreyes - Eva Perón y Retiro,,False,False,False,False,False,False,Leandro Alem,910,,Retiro,Comuna 1,Vestíbulo intermedio,Boca de subte,"ALEM, LEANDRO N. AV. 910",Leandro N Alem 910
-58.3717794203935,-34.5964422556071,375,E,CATALINAS,3,a Plaza de los Virreyes - Eva Perón y Retiro,,False,False,False,False,False,False,Leandro Alem,951,,Retiro,Comuna 1,Vestíbulo intermedio,Boca de subte,"ALEM, LEANDRO N. AV. 951",Leandro N Alem 951
-58.3717269832618,-34.5965449810427,376,E,CATALINAS,1,a Plaza de los Virreyes - Eva Perón y Retiro,,False,False,False,False,False,False,Leandro Alem,951,,Retiro,Comuna 1,Vestíbulo intermedio,Boca de subte,"ALEM, LEANDRO N. AV. 951",Leandro N Alem 951
-58.3699512032779,-34.6036274262913,377,E,CORREO CENTRAL,9,a Plaza de los Virreyes - Eva Perón y Retiro,B,False,False,False,False,False,False,Leandro Alem,345,,San Nicolas,Comuna 1,Vestíbulo intermedio,Boca de subte,"ALEM, LEANDRO N. AV. 345",Leandro N Alem 345
-58.3693727670477,-34.6042384855924,378,E,CORREO CENTRAL,11,a Plaza de los Virreyes - Eva Perón y Retiro,B,False,False,False,False,False,False,Sarmiento,151,,San Nicolas,Comuna 1,Vestíbulo intermedio,Boca de subte,SARMIENTO 151,Sarmiento 151
-58.3706252002112,-34.6031179038999,379,E,CORREO CENTRAL,2,a Plaza de los Virreyes - Eva Perón y Retiro,B,False,False,False,False,False,False,Av Corrientes,212,,San Nicolas,Comuna 1,Vestíbulo intermedio,Boca de subte,CORRIENTES AV. 212,Av Corrientes 212
-58.370438308798,-34.603919585415,380,E,CORREO CENTRAL,6,a Plaza de los Virreyes - Eva Perón y Retiro,B,False,False,False,False,False,False,Leandro Alem,322,,San Nicolas,Comuna 1,Salida únicamente,Boca de subte,"ALEM, LEANDRO N. AV. 322",Leandro N Alem 322
-58.3704110959096,-34.6044531470753,381,E,CORREO CENTRAL,8,a Plaza de los Virreyes - Eva Perón y Retiro,B,False,False,False,False,False,False,Leandro Alem,286,,San Nicolas,Comuna 1,Vestíbulo intermedio,Boca de subte,"ALEM, LEANDRO N. AV. 286",Leandro N Alem 286
-58.391020964631,-34.5830355912055,382,H,FACULTAD DE DERECHO - JULIETA LANTERI,1,a Hospitales,,False,True,True,True,True,False,"Figueroa Alcorta, Pres. Av.",0,"Gonzalez, Julio Victor",Recoleta,Comuna 2,,Boca de subte,"FIGUEROA ALCORTA, PRES. AV. y GONZALEZ, JULIO VICTOR","Figueroa Alcorta, Pres. Av. y Gonzalez, Julio Victor"
