DOMICILIO;CARACT_SITIO;AUTORES;F_E;TAAÑO_TS;UBICACION;TECNICA;NOMBRE_OBRA
AV. CNEL. ROCA 1549;"ESC.TEC. 33, DE 19, ""FUND. M. DEL PLUMERILLO""";LUIS ELVERA;1950;S/M;HALLCENTRAL;OLEO SOBRE SOPORTE RIGIDO;ALEGORIA A LA BANDERA
AV. CNEL. ROCA 1549;"ESC.TEC. 33, DE 19, ""FUND. M. DEL PLUMERILLO""";LUIS ELVERA;1950;S/M;HALLCENTRAL;OLEO SOBRE SOPORTE RIGIDO;ALEGORIA AL PLUMERILLO
CIUDAD UNIVERSITARIA;PABELLON 1 FAC. DE CIENCIAS EXACTAS;JUAN MANUEL SANCHEZ;1965;S/M;HALLPRIMER PISO;PINTURA MURAL;LA CIENCIA Y EL MITO
CIUDAD UNIVERSITARIA;PABELLON 1 FAC. DE CIENCIAS EXACTAS;MARIO MOLLARI;1965;S/M;PLANTA BAJA;PINTURA MURAL;LA ESPERA
AV. ALVEAR 1761/77;GALERIA ALVEAR;RAUL ALEJANDRO MONSEGUR;1957;S/M;ACCESO;PINTURA AL OLEO S/ AGLOMERADO;PERSONAJES
AV. CORDOBA 6551;VIVIENDA MULTIFAMILIAR ;CARLOS PFEIFFER, LILIANA FERRARI;1997;10 X 22;FONDO - MEDIANERA;ESGRAFIADO;AMERICA, LIBERACION Y GRANDEZA
ESTACION LIMA;PASAJE LIMA NORTE, LINEA A;HORACIO ALTUNA;2002;S/M;PASAJE;MURAL CERAMICO;GENTE DE BUENOS AIRES
ESTACION LIMA;PASAJE LIMA SUR, LINEA A;HERMENEGILDO SABAT;2000;1.80 X 5;PASAJE;MURAL CERAMICO;MUSICOS DE BUENOS AIRES: A JULIO DE CARO
ESTACION LIMA;PASAJE LIMA SUR, LINEA A;HERMENEGILDO SABAT;2000;1.80 X 5;PASAJE;MURAL CERAMICO;MUSICOS DE BUENOS AIRES: A ASTOR PIAZZOLLA
ESTACION LIMA;PASAJE LIMA SUR, LINEA A;HERMENEGILDO SABAT;2000;1.80 X 5;PASAJE;MURAL CERAMICO;MUSICOS DE BUENOS AIRES: A TROILO, MANZI, DISCEPOLO Y GARDEL
ESTACION  FEDERICO LACROZE;LINEA B;EMMA GARGIULO;2000;S/M;ANDEN SUR;MURAL CERAMICO;TITULO DESCONOCIDO
ESTACION  FEDERICO LACROZE;LINEA B;GUSTAVO GRÜNIG;1991;S/M;ANDEN SUR;MURAL CERAMICO;EL DESATINO
ESTACION ANGEL GALLARDO;LINEA B;MARGARITA PAKSA;1991;S/M;ANDEN SUR;MURAL CERAMICO;FLORES DE MI PAIS
ESTACION ANGEL GALLARDO;LINEA B;MARCIA SCHVARTZ ;1991;S/M;ANDEN SUR;MURAL CERAMICO;TITULO DESCONOCIDO
ESTACION CALLAO;LINEA B;DANIEL KAPLAN;1991;S/M;ANDEN SUR;MURAL CERAMICO;TITULO DESCONOCIDO
ESTACION CALLAO;LINEA B;HECTOR MEANA;1991;S/M;ANDEN SUR;MURAL CERAMICO;TITULO DESCONOCIDO
ESTACION CARLOS GARDEL;LINEA B;ANDRES COMPAGNUCCI;2000;S/M;ANDEN SUR;MURAL CERAMICO;GARDEL POR TRES
ESTACION CARLOS GARDEL;LINEA B;ANDRES COMPAGNUCCI;2000;S/M;ANDEN NORTE;MURAL CERAMICO;ABASTO
ESTACION CARLOS GARDEL;LINEA B;CARLOS PAEZ VILARO;1998;S/M;VESTIBULO;MURAL CERAMICO;HOMENAJE A BUENOS AIRES
ESTACION CARLOS GARDEL;LINEA B;CARLOS PAEZ VILARO;1998;S/M;VESTIBULO;MURAL CERAMICO;MI BUENOS AIRES QUERIDO
ESTACION CARLOS GARDEL;LINEA B;LEON UNTROIB;2000;S/M;VESTIBULO;FILETE;CARLOS GARDEL: ETERNO EN EL ALMA Y EN EL TIEMPO
ESTACION DORREGO;LINEA B;ROBERTO SCAFIDI;1991;S/M;ANDEN SUR;MURAL CERAMICO;TITULO DESCONOCIDO
ESTACION DORREGO;LINEA B;J. CACERES;1991;S/M;ANDEN SUR;MURAL CERAMICO;CANTO DE AMOR PARA AMERICA LATINA
ESTACION DORREGO;LINEA B;MILDRED BURTON / PASSOLINI, SUNDBLAD;1991;S/M;ANDEN NORTE;MURAL CERAMICO;A 3 NIÑAS ARGENTINAS INMOLADAS, GIMENA HERNANDEZ, NAHIR MOSTAFA Y MARIA SOLEDAD MORALES
ESTACION DORREGO;LINEA B;CAMBRE;1991;S/M;ANDEN SUR;MURAL CERAMICO;EL DUENDE ESTA EN CADA MOVIMIENTO DE NUESTRAS VIDAS
ESTACION FLORIDA;LINEA B;MARIANO IMPOSTI INDART;1998;S/M;ANDEN NORTE;MURAL CERAMICO;HOMENAJE A PATORUZU
ESTACION MEDRANO;LINEA B;JUAN PABLO RENZI, COL.: ARTURO HOLZER;1991;S/M;ANDEN SUR;MURAL CERAMICO;DURANTE LA CRIMINAL GUERRA DEL GOLFO
ESTACION MEDRANO;LINEA B;RICARDO ROUX;1991;S/M;ANDEN NORTE;MURAL CERAMICO;TITULO DESCONOCIDO
ESTACION PUEYRREDON;LINEA B;JUAN DOFFO;1991;S/M;ANDEN SUR;MURAL CERAMICO;LOS ELEMENTOS
ESTACION URUGUAY;LINEA B;FRANCISCO SOLANO LOPEZ / ALBERTO BRECCIA;1991;S/M;ANDEN SUR;MURAL CERAMICO;HOMENAJE A EL ETERNAUTA
ESTACION URUGUAY;LINEA B;ROBERTO FONTANARROSA;1998;S/M;ANDEN NORTE;MURAL CERAMICO;INODORO PEREYRA
ESTACION URUGUAY;LINEA B;CRIST (CRISTOBAL REYNOSO);1991;S/M;ANDEN NORTE;MURAL CERAMICO;TITULO DESCONOCIDO
ESTACION SAN MARTIN;LINEA B;LUIS BENEDIT;2000;S/M;ANDEN NORTE;MURAL CERAMICO;SUR
ESTACION SAN MARTIN;LINEA B;LUIS FELIPE NOE;2007;S/M;ANDEN SUR;MURAL CERAMICO;
ESTACION  AV. DE MAYO;LINEA C;IGNACIO ZULOAGA Y ZABALETA;1934;2 X 4.30;ANDEN OESTE;MURAL CERAMICO;PAISAJES DE ESPAÑA: ACUEDUCTO ROMANO DE SEGOVIA
ESTACION  AV. DE MAYO;LINEA C;FERNANDO ALVAREZ SOTOMAYOR;1934;2 X 4.30;ANDEN ESTE;MURAL CERAMICO;ALEGORIA ESPAÑA - ARGENTINA
ESTACION CONSTITUCION;LINEA C;FLORENCIO MOLINA CAMPOS;1999;S/M;ANDEN ESTE;MURAL CERAMICO;PA NUEVOS HORIZONTES
ESTACION CONSTITUCION;LINEA C;FLORENCIO MOLINA CAMPOS;1999;S/M;ANDEN ESTE;MURAL CERAMICO;BEYAQUIANDO JUERTE
ESTACION CONSTITUCION;LINEA C;FLORENCIO MOLINA CAMPOS;1999;S/M;ANDEN ESTE;MURAL CERAMICO;EJ DE LAJ ONCE Y SAIS
ESTACION DIAGONAL NORTE;LINEA C;MARTIN S. NOEL - MANUEL ESCASANY;1934;1.85 X 15.80;ANDEN NORTE;MURAL CERAMICO;PAISAJES DE ESPAÑA: AVILA, TOLEDO, SORIA Y SEGOVIA
ESTACION DIAGONAL NORTE;LINEA C;MARTIN S. NOEL - MANUEL ESCASANY;1934;1.85 X 15.80;ANDEN SUR;MURAL CERAMICO;PAISAJES DE ESPAÑA:BURGOS, MADRID, ARANJUEZ, EL ESCORIAL Y MADRID, PUERTA DE ALCALA
ESTACION INDEPENDENCIA ;LINEA C;MARTIN S. NOEL - MANUEL ESCASANY;1934;1.80 X 16.30;ANDEN OESTE;MURAL CERAMICO;PAISAJES DE ESPAÑA: GRANADA, CORDOBA, RONDA, PALOS Y HUELVA
ESTACION INDEPENDENCIA ;LINEA C;MARTIN S. NOEL - MANUEL ESCASANY;1934;1.80 X 16.30;ANDEN ESTE;MURAL CERAMICO;PAISAJES DE ESPAÑA: SEVILLA
ESTACION LAVALLE;LINEA C;MARTIN S. NOEL - MANUEL ESCASANY;1934;1.80 X 16.30;ANDEN ESTE;MURAL CERAMICO;PAISAJES DE ESPAÑA:ALICANTE, VALENCIA, TERUEL, HUESCA, ZARAGOZA
ESTACION LAVALLE;LINEA C;MARTIN S. NOEL - MANUEL ESCASANY;1934;1.80 X 16.30;ANDEN OESTE;MURAL CERAMICO;PAISAJES DE ESPAÑA: LERIDA, TARRAGONA, BARCELONA Y MONSERRAT
ESTACION MARIANO MORENO;LINEA C;MARTIN S. NOEL - MANUEL ESCASANY;1934;1.80 X 16.30;ANDEN OESTE;MURAL CERAMICO;PAISAJES DE ESPAÑA: BILBAO, SANTANDER, SAN SEBASTIAN, ALAVA Y NAVARRA
ESTACION MARIANO MORENO;LINEA C;MARTIN S. NOEL - MANUEL ESCASANY;1934;1.80 X 16.30;ANDEN ESTE;MURAL CERAMICO;PAISAJES DE ESPAÑA: SANTIAGO, LUGO, ASTURIAS Y SANTANDER
ESTACION RETIRO;LINEA C;FERNANDO ALLIEVI;1999;S/M;ANDEN OESTE;MURAL CERAMICO;LAS MASCARAS
ESTACION RETIRO;LINEA C;FERNANDO ALLIEVI;1999;S/M;ANDEN OESTE;MURAL CERAMICO;LAS PRIMERAS LUCES
ESTACION RETIRO;LINEA C;FERNANDO ALLIEVI;1999;S/M;ANDEN OESTE;MURAL CERAMICO;HISTORIA DEL SABADO
ESTACION SAN JUAN ;LINEA C;MARTIN S. NOEL - MANUEL ESCASANY;1934;1.80 X 16.10;ANDEN OESTE;MURAL CERAMICO;PAISAJES DE ESPAÑA: LEVANTE, ALBACETE, MURCIA Y VALENCIA
ESTACION SAN JUAN ;LINEA C;MARTIN S. NOEL - MANUEL ESCASANY;1934;1.80 X 16.10;ANDEN ESTE;MURAL CERAMICO;PAISAJES DE ESPAÑA:ZAMORA, SALAMANCA, LEON
ESTACION SAN MARTIN;LINEA C;RODOLFO ROLANDO MEDINA;1969;1.00 X 6.00;ACCESO;CEMENTO POLICROMADO;LA GESTA SANMARTINIANA
ESTACION SAN MARTIN;LINEA C;RODOLFO ROLANDO MEDINA;1969;1.00 X 6.00;ACCESO;CEMENTO POLICROMADO;LA GESTA SANMARTINIANA
ESTACION SAN MARTIN;LINEA C;LUIS FERNANDO BENEDIT;2000;S/M;ANDEN OESTE;MURAL CERAMICO;EL SUR
ESTACION SAN JUAN ;LINEA C;MARTIN S. NOEL - MANUEL ESCASANY;1934;1.80 X 16.10;ANDEN OESTE;MURAL CERAMICO;PAISAJES DE ESPAÑA: LEVANTE, ALBACETE, MURCIA Y VALENCIA
ESTACION SAN JUAN ;LINEA C;MARTIN S. NOEL - MANUEL ESCASANY;1934;1.80 X 16.10;ANDEN ESTE;MURAL CERAMICO;PAISAJES DE ESPAÑA:ZAMORA, SALAMANCA, LEON
ESTACION SAN MARTIN;LINEA C;RODOLFO MEDINA;1969;1.00 X 6.00;ACCESO;CEMENTO POLICROMADO;LA GESTA SANMARTINIANA
ESTACION SAN MARTIN;LINEA C;RODOLFO MEDINA;1969;1.00 X 6.00;ACCESO;CEMENTO POLICROMADO;LA GESTA SANMARTINIANA
ESTACION SAN MARTIN;LINEA C;LUIS FERNANDO BENEDIT;2000;S/M;ANDEN OESTE;MURAL CERAMICO;EL SUR
ESTACION  AGÜERO;LINEA D;RODOLFO FRANCO;1938;15.50 X 1.80;ANDEN NORTE;MURAL CERAMICO;CAMINO A CORDOBA DEL TUCUMAN
ESTACION  AGÜERO;LINEA D;RODOLFO FRANCO;1938;15.50 X 1.80;ANDEN SUR;MURAL CERAMICO;LOS COLONIZADORES
ESTACION 9 DE JULIO;LINEA D;ALFREDO GUIDO;1936;1.80 X 15;ANDEN SUR;MURAL CERAMICO;LA LLEGADA DE LAS CARRETAS,FLORES,LA QUINTA Y EL RANCHO EN 1835, LUJAN, LOS CEREALES Y EL RIO DE LA PLATA EN 1936
ESTACION BULNES;LINEA D;ALFREDO GUIDO;1938;1.80 X 15.50;ANDEN SUR;MURAL CERAMICO;LAS LEYENDAS DEL PAIS DE LA SELVA
ESTACION BULNES;LINEA D;ALFREDO GUIDO;1938;1.80 X 15.50;ANDEN NORTE;MURAL CERAMICO;ARQUEOLOGIA DIAGUITA. LOS VALLES. TUCUMAN: LA ZAFRA Y LOS INGENIOS
ESTACION CATEDRAL;LINEA D;RODOLFO FRANCO, ALFREDO GUIDO;1936;S/M;ANDEN SUR;MURAL CERAMICO;TERTULIA EN LA ALAMEDA, BUENOS AIRES EN 1830
ESTACION CATEDRAL;LINEA D;RODOLFO FRANCO, ALFREDO GUIDO;1936;S/M;ANDEN NORTE;MURAL CERAMICO; BUENOS AIRES EN 1936
ESTACION FACULTAD DE MEDICINA;LINEA D;ALFREDO GUIDO;1938;S/M;ANDEN NORTE;MURAL CERAMICO;SANTA FE 1938: PUENTE SETUBAL, RIO PARANA, ROSARIO 1938
ESTACION FACULTAD DE MEDICINA;LINEA D;ALFREDO GUIDO;1938;1.80 X 15.5;ANDEN SUR;MURAL CERAMICO;ROSARIO 1836: LA POSTA, LA CHACRA, SANTA FE 1836
ESTACION JOSE HERNANDEZ;LINEA D;RAUL SOLDI;1997;5.22 X 2.72;ANDEN SUR;MURAL CERAMICO;EN EL JARDIN
ESTACION JOSE HERNANDEZ;LINEA D;RAUL SOLDI;1997;5.22 X 2.72;ANDEN SUR;MURAL CERAMICO;LOS AMANTES
ESTACION JOSE HERNANDEZ;LINEA D;RAUL SOLDI;1991;5.22 X 2.72;ANDEN NORTE;MURAL CERAMICO;EL ENSAYO
ESTACION JOSE HERNANDEZ;LINEA D;RAUL SOLDI;1991;5.22 X 2.72;ANDEN NORTE;MURAL CERAMICO;LA MUSICA
ESTACION JURAMENTO;LINEA D;PRILIDIANO PUEYRREDON;1861;2.00 X 1.80;VESTIBULO;MURAL CERAMICO;LAVANDERAS DEL BAJO BELGRANO
ESTACION JURAMENTO;LINEA D;JORGE F. SCHWARZ;1998;4 X 2.50;ANDEN SUR;MURAL CERAMICO;CRUCERO ARA, GRAL. BELGRANO
ESTACION JURAMENTO;LINEA D;PRILIDIANO PUEYRREDON;1865;4.00 X 2.00;VESTIBULO;MURAL CERAMICO;UN ALTO EN EL CAMINO
ESTACION JURAMENTO;LINEA D;ANTONIO J. SPOTORNO;1949;4.00 X 2.00;VESTIBULO;MURAL CERAMICO;LITOGRAFIAS DE BELGRANO
ESTACION PALERMO;LINEA D;RAFAEL CUENCA MUÑOZ;1934;2.20 X 3.60;VESTIBULO;MURAL CERAMICO;ALMERIA, ESPAÑA: LA ESPERA
ESTACION PLAZA ITALIA;LINEA D;BENITO QUINQUELA MARTIN;1939;4.23 X 6.35;PISO ANDEN ESTE;CEMENTO POLICROMADO;LA DESCARGA DE LOS CONVOYES
ESTACION PLAZA ITALIA;LINEA D;LEONIE MATTHIS DE VILLAR;1937;2.15 X 3.60;ANDEN OESTE;MURAL CERAMICO;LA VISITA DEL GOBERNADOR
ESTACION PLAZA ITALIA;LINEA D;LEONIE MATTHIS DE VILLAR;1937;2.15 X 3.60;ANDEN ESTE;MURAL CERAMICO;CASAMIENTOS COLECTIVOS EN LA MISION SAN IGNACIO MINI
ESTACION SCALABRINI ORTIZ;LINEA D;RODOLFO FRANCO;1938;1.80 X 15.50;ANDEN NORTE;MURAL CERAMICO;TAREAS CAMPESINAS
ESTACION SCALABRINI ORTIZ;LINEA D;RODOLFO FRANCO;1938;1.80 X 15.5;ANDEN SUR;MURAL CERAMICO;EVOCACIONES DE SALTA
ESTACION TRIBUNALES;LINEA D;RODOLFO FRANCO;1937;2.70 X 10.30;SUBIDA LADO OESTE;MURAL CERAMICO DEL TIMPANO;GARAY Y MENDOZA
ESTACION TRIBUNALES;LINEA D;RODOLFO FRANCO;1937;2.70 X 10.30;SUBIDA LADO ESTE;MURAL CERAMICO DEL TIMPANO;AMERICA Y ESPAÑA
ESTACION OLLEROS;LINEA D;JOSEFINA ROBIROSA;2004;S/M;;MURAL CERAMICO;PLAZA DE VERANO
ESTACION OLLEROS;LINEA D;JOSEFINA ROBIROSA;2004;S/M;;MURAL CERAMICO;PLAZA DE INVIERNO
ESTACION  URQUIZA;LINEA E;LEONIE MATTHIS DE VILLAR;1938;1.80 X 15.50;ANDEN NORTE;MURAL CERAMICO;LA BATALLA DE CASEROS
ESTACION  URQUIZA;LINEA E;LEONIE MATTHIS DE VILLAR;1938;1.80 X 15.50;ANDEN SUR;MURAL CERAMICO;LA ENTRADA TRIUNFAL DEL GRAL. URQUIZA EN BUENOS AIRES
ESTACION BOEDO;LINEA E;PRIMALDO MONACO;1959;11.10 X 3.90;TIMPANO ESTE;MURAL CERAMICO DEL TIMPANO;NIÑOS JUGANDO
ESTACION BOEDO;LINEA E;ALFREDO GUIDO;1959;12.30 X 3.75;TIMPANO OESTE;MURAL CERAMICO;BOEDO A MEDIADOS DEL SIGLO XIX
ESTACION ENTRE RIOS;LINEA E;ANTONIO ORTIZ ECHAGÜE;1939;15.50 X 1.80;ANDEN NORTE;MURAL CERAMICO;LA CONQUISTA DEL DESIERTO
ESTACION ENTRE RIOS;LINEA E;ANTONIO ORTIZ ECHAGÜE;1939;15.50 X 1.80;ANDEN SUR;MURAL CERAMICO;FUNDACION DE PUEBLOS EN LA PAMPA
ESTACION JUJUY;LINEA E;ALEJANDRO SIRIO;1939;15.50 X 1.80;ANDEN NORTE;MURAL CERAMICO;JUJUY: LAS RIQUEZAS NATURALES
ESTACION JUJUY;LINEA E;ALEJANDRO SIRIO;1939;15.50 X 1.81;ANDEN SUR;MURAL CERAMICO;JUJUY: LOS GAUCHOS NORTEÑOS
ESTACION SAN JOSE;LINEA E;OTTO DURA;1939;1.80 X 15.50;ANDEN SUR;MURAL CERAMICO;LOS LAGOS DEL SUR
ESTACION SAN JOSE;LINEA E;OTTO DURA;1939;15.50 X 1.80;ANDEN NORTE;MURAL CERAMICO;LAS CATARATAS DEL IGUAZU
ESTACION MEDALLA MILAGROSA;LINEA E;SANTIAGO GARCIA SAENZ;2001;S/M;;MURAL CERAMICO;
ESTACION MEDALLA MILAGROSA;LINEA E;SANTIAGO GARCIA SAENZ;2001;S/M;;MURAL CERAMICO;
AV. PEDRO DE MENDOZA 1821;TEATRO DE LA RIBERA;BENITO QUINQUELA MARTIN;1968;4 X 4;HALLPRIMER PISO;OLEO S/ HARBOARD;CREPUSCULO
AV. CORONEL ROCA  Y A. J. LUPPI;;CONTRALUZ MURAL (EX TALLER MURALISTA UTE);1998;S/M;FACHADA;PINTURA MURAL;HOMENAJE A LOS TRABAJADORES DE LA EDUCACION
CALLE LANIN;ENTRE AV.SUAREZ Y VIAS DEL ROCA;MARINO SANTA MARIA;2000;S/M;FACHADA;PINTURA MURAL;PROYECTO LANIN
ESMERALDA Y RIVADAVIA;PLAZA ROBERTO ARLT;ALBERTO CEDRON;1971;S/M;S/ MURO ESMERALDA;TECNICA MIXTA;ESCULTURA MURAL
BOLIVAR 1;      PALACIO DE GOBIERNO DE LA CIUDAD;JOSE MARIA CARBONERO;1910;2.40 X 4;SALON BLANCO;OLEO S/ TELA;LA FUNDACION DE BUENOS AIRES
ARROYO 1130;                   EMBAJADA DE BRASIL;JOSE LUIS SERT Y BADIA;1932;6 X 12;CIELORRASO GRAN HALL;MAROUFLAGE (OLEO SOBRE TELA PEGADO AL CIELORRASO);LOS EQUILIBRISTAS
ARROYO 1130;                   EMBAJADA DE BRASIL;JOSE LUIS SERT Y BADIA;1932;6.60 X 8.30;SALA DE MUSICA;MAROUFLAGE (OLEO SOBRE TELA PEGADO AL CIELORRASO);EL AGUJERO CELESTE
ARROYO 1130;                   EMBAJADA DE BRASIL;JOSE LUIS SERT Y BADIA;1932;5 X 7.20;PEQUEÑO COMEDOR;MAROUFLAGE (OLEO SOBRE TELA PEGADO AL CIELORRASO);LA TELA DE ARAÑA
ARROYO 1130;                   EMBAJADA DE BRASIL;JOSE LUIS SERT Y BADIA;1932;5.60 X 10.20;GRAN COMEDOR;MAROUFLAGE (OLEO SOBRE TELA PEGADO AL CIELORRASO);EL ASEO DE DON QUIJOTE
ARROYO 1130;                   EMBAJADA DE BRASIL;JOSE LUIS SERT Y BADIA;1932;6.60 X 7.80;SALON DORADO;MAROUFLAGE (OLEO SOBRE TELA PEGADO AL CIELORRASO);DIANA, LA CAZADORA
ARROYO 1130;                   EMBAJADA DE BRASIL;JOSE LUIS SERT Y BADIA;1932;6.60 X 7.80;DORMITORIO ;ENGLOMIZER (PINTURA SOBRE ESPEJO);NARCISO EN EL ESPEJO
SARMIENTO 980;                    EDIFICIO DEL PLATA;BURNICHON / MELE / OBARRIO;S/A;S/M;FACHADA;MURAL CERAMICO;TITULO DESCONOCIDO
SARMIENTO 1551;CENTRO CULTURAL SAN MARTIN;JULIO LE PARC;1967;S/M;CENTRO CULTURAL;MURAL MADERA, CHAPA Y ACERO INOXIDABLE;DESPLAZAMIENTOS
LIBERTAD 641;TEATRO COLON;RAUL SOLDI;1966;320;CUPULA;OLEO S/ LIENZO APLICADO;ALEGORIA A LA MUSICA, AL CANTO Y AL BAILE
LIBERTAD 641;TEATRO COLON;CASA FELIX GAUDIN, PARIS;1907;14 X 3.14;VESTIBULO PRINCIPAL;VITRAUX SOMBRILLA CENTRAL;SIN TITULO
RAWSON 106;CENTRO CULTURAL IMPA;BALTAZAR LEIRO;2002;S/M;FACHADA;PINTURA MURALCON TEXTURAS DE METAL;RESISTENCIA Y LUCHA
SARMIENTO 2233;SOC. HEBRAICA ARGENTINA;ANTONIO BERNI;1943;3 X 2;ESCALERA;FRESCO;LAS ARTES
SARMIENTO 2233;SOC. HEBRAICA ARGENTINA;DEMETRIO URRUCHUA;1943;4 X 5;OFICINA;FRESCO;LA CULTURA DIGNIFICA A LOS HOMBRES Y HERMANA A LOS PUEBLOS
SARMIENTO 2233;SOC. HEBRAICA ARGENTINA;JUAN CARLOS CASTAGNINO;1943;3.50 X 3.50;BAR;FRESCO;LA OFRENDA DE LA NUEVA TIERRA
SARMIENTO 2233;SOC. HEBRAICA ARGENTINA;JUAN BATLLE PLANAS;1945;6 X 2;HALL;MOSAICO VENECIANO;EXODO
SARMIENTO 2233;SOC. HEBRAICA ARGENTINA;JUAN BATLLE PLANAS;1945;4 X 2;HALL;MOSAICO VENECIANO;EL PUEBLO HEBREO
SARMIENTO 2233;SOC. HEBRAICA ARGENTINA;LUIS SEOANE;1945;4 X 2;;VITRAL;
SAN MARTIN 705;SANTA CATALINA DE SIENA;EDUARDO PLA;1999;S/M;FACHADA;GIGANTOGRAFIA ;SANTA CATALINA DE SIENA 
MORENO 711;INST.UNIV J.PERON, ESC.NAC.MUSEOLOGIA/OTROS;MATILDE GRANT;1980;S/M;FACHADA;PINTURA MURAL;LAS PALOMAS
LAVALLE 669;EX CINE LUXOR;MAXIMO MALDONADO / MIGUEL OCAMPO;1944;2.50 X 6;;FRESCO;ORNAMENTACION
MORENO 970;ESTUDIOS DE GRABACION TNT;RODOLFO JULIO BARDI;1968;S/M;;RELIEVE EN CEMENTO PATINADO;GRABANDO
ARROYO 810;VIVIENDA MULTIFAMILIAR ;BERNARDO BOUTS;1944;4.50 X 2 ;HALL;FRESCO;TITULO DESCONOCIDO
CUBA 2141;VIVIENDA MULTIFAMILIAR ;LUIS SEOANE;S/A;S/M;HALL;;FIGURAS
MORENO 376;OFICINAS;GUSTAVO VAN TREECK, MUNICH;1920;S/M;ESCALERA;VITRAUX;INDUSTRIA
MORENO 376;OFICINAS;GUSTAVO VAN TREECK, MUNICH;1920;S/M;ESCALERA;VITRAUX;AGRICULTURA
MORENO 376;OFICINAS;GUSTAVO VAN TREECK, MUNICH;1920;S/M;ESCALERA;VITRAUX;GANADERIA
MORENO 376;OFICINAS;GUSTAVO VAN TREECK, MUNICH;1920;S/M;ESCALERA;VITRAUX;COMERCIO
MORENO 376;OFICINAS;GUSTAVO VAN TREECK, MUNICH;1920;S/M;ESCALERA;VITRAUX;TRAFICO
MORENO 970;OFICINAS;RODOLFO JULIO BARDI;1968;S/M;"ESTUDIO DE GRABACION ""TNT""";RELIEVE;GRABANDO
AV. BRASIL 1138, GRAL. HORNOS 11;ESTACION CONSTITUCION, FCG ROCA;GERARDO CIANCIOLO;2000;120 X 3;ANDEN 14;PINTURA MURAL;HISTORIA DEL FERROCARRIL
AV. INDEPENDENCIA 501,ESQ. PERU;EDIFICIO DE VIVIENDAS;REATO / LEDESMA / CAVERI / ROJAS;1990;20 X 13;MURO EXTERIOR;PINTURA MURAL;CARNAVAL DE ANTAÑO
AV. JUAN B. JUSTO AL 1000;MUROS DEL FCG SAN MARTIN;ALFREDO SEGATORI (PELADO);1999;IRREGULAR;S/ LINEA OFICIAL DE EDIFICACION;PINTURA MURALEN AEROSOL;HACHADORES
AV. PEDRO DE MENDOZA AL 1600;CUARTEL DE BOMBEROS;ANDRES BESTARD Y COLABORADORES;1978;18 X 6;FACHADA;MURAL ESGRAFIADO;HOMENAJE A NUESTROS HERMANOS NATIVOS DE AMERICA
CERRITO AL 1300;PLAZA CATALUÑA;B.J.F.C.;1996;S/M;MED. EMBAJADA DE FRANCIA;PINTURA MURAL;TROMPE ´L OEIL
COCHABAMBA E/ COMBATE DE LOS POZOS Y SARANDI;PLAZA FRANCISCO CANARO;DANTE QUINTERNO;2000;S/M;;;PATORUZU E ISIDORO
DR. ENRIQUE DEL VALLE IBARLUCEA 1282;;VINCENT WALTER;1990;1.50 X 2.50;FACHADA;RELIEVE EN CEMENTO PATINADO;DON BENITO QUINQUELA MARTIN
PERON 1372;UNIONE E BENEVOLENZA;LUIS TRINCHERO;1913;S/M;FACHADA;RELIEVES;FIEBRE AMARILLA
GUZMAN 730;CEMENTERIO DE LA CHACARITA, CAPILLA ;MIGUEL PETRONE GAUDINO;1940;S/M;CAPILLA DE RESPONSOS, SECTOR A;OLEO SOBRE TELA;LA RESURRECCION DE LAZARO
PERON 1372;UNIONE E BENEVOLENZA;LUIS TRINCHERO;1913;S/M;FACHADA;RELIEVES;SOCORROS MUTUOS
PERON 1372;UNIONE E BENEVOLENZA;LUIS TRINCHERO;1913;S/M;FACHADA;RELIEVES;TRABAJO
PERON 1372;UNIONE E BENEVOLENZA;LUIS TRINCHERO;1913;S/M;FACHADA;RELIEVES;INSTRUCCION
GUZMAN 730;CEMENTERIO DE LA CHACARITA, CAPILLA ;EMILIO CENTURION;1940;S/M;CAPILLA DE RESPONSOS, SECTOR A;OLEO SOBRE TELA;LA RESURRECCION DE CRISTO
HIPOLITO YRIGOYEN 250 / BALCARCE 139;MINISTERIO DE ECONOMIA;JORGE SOTO ACEBAL;1939;3.40 X 2.76;HALL;OLEO S/ TELA;PRIMER TRUEQUE
HIPOLITO YRIGOYEN 250 / BALCARCE 139;MINISTERIO DE ECONOMIA;JORGE SOTO ACEBAL;1939;3.40 X 2.76;HALL;OLEO S/ TELA;PRINCIPIOS DE LA CORRIENTE INMIGRATORIA
HIPOLITO YRIGOYEN 250 / BALCARCE 139;MINISTERIO DE ECONOMIA;RAUL MAZZA;1939;1.67 X 2.77;OF 1220;ÖLEO S/TELA;LA COSECHA
HIPOLITO YRIGOYEN 250 / BALCARCE 139;MINISTERIO DE ECONOMIA;GASTON JARRY;1939;2.34 X 2.78;OF 528;OLEO S/ TELA;PUERTOS ARGENTINOS
HIPOLITO YRIGOYEN 250 / BALCARCE 139;MINISTERIO DE ECONOMIA;ANTONIO RAMON PIBERNAT;1939;2.34 X 2.77;OF 511;OLEO S/ TELA;VENDIMIA
HIPOLITO YRIGOYEN 250 / BALCARCE 139;MINISTERIO DE ECONOMIA;EMILIO CENTURION;1939;1.67 X 2.78;SALON DE CUADROS;OLEO S/ TELA;ASERRADERO
HIPOLITO YRIGOYEN 250 / BALCARCE 139;MINISTERIO DE ECONOMIA;ADOLFO MONTERO;1939;1.68 X 2.78;OF 820;OLEO S/ TELA;NATIVOS NORTEÑOS EN MERCADO REGIONAL
HIPOLITO YRIGOYEN 250 / BALCARCE 139;MINISTERIO DE ECONOMIA;ERNESTO RICCIO;1939;1.67 X 2.77;OF 513;OLEO S/ TELA;ASERRADERO
HIPOLITO YRIGOYEN 250 / BALCARCE 139;MINISTERIO DE ECONOMIA;ANTONIO ALICE;1939;2.32 X 3.52;HALL6 PISO;OLEO S/ TELA;RIQUEZAS ARGENTINAS
HIPOLITO YRIGOYEN 250 / BALCARCE 139;MINISTERIO DE ECONOMIA;EDELMIRO LESCANO CEBALLOS;1939;1.67 X 2.77;OF 1020;OLEO S/ TELA;NATIVOS OFRECIENDO RIQUEZAS
HIPOLITO YRIGOYEN 250 / BALCARCE 139;MINISTERIO DE ECONOMIA;PAULINA BLINDER;1939;.67 X .50;OF 606;OLEO S/ TELA;LA SEGADORA
MARCELO TORCUATO DE ALVEAR 1864;PODER JUDICIAL;BENITO QUINQUELA MARTIN;1937;S/M;ESCALERAPRINCIPAL;OLEO SOBRE HARDBOARD;CONSTRUCCION DE DESAGÜES
MORENO 1330 / 32;UNION PERSONAL CIVIL DE LA NACION;AUTOR DESCONOCIDO;1910; 2.90 X 3.50;HALL1º PISO;VITRAUX;LA NOCHE
MORENO 1330 / 32;UNION PERSONAL CIVIL DE LA NACION;AUTOR DESCONOCIDO;1910;2.90 X 3.50;HALL1º PISO;VITRAUX;EL DIA
MORENO 1330 / 32;UNION PERSONAL CIVIL DE LA NACION;AUTOR DESCONOCIDO;1910;2 X 4;TECHO ACCESO;PINTURA MURAL;FIGURA FEMENINA
MORENO 1330 / 32;UNION PERSONAL CIVIL DE LA NACION;AUTOR DESCONOCIDO;1910;5 X 5;CIELORRASO S/ HALLCENTRAL;PINTURA MURAL;INDUSTRIA
AV. DE MAYO 501 ESQ CHACABUCO 17;BANCO HBSC;BENITPO QUINQUELA MARTIN;1962;S/M;HALL;OLEO SOBRE MADERA;DIA DE TRABAJO EN LA BOCA
AV. FGUEROA ALCORTA 2263;FACULTAD DE DERECHO Y CIENCIAS SOCIALES;BENITO QUINQUELA MARTIN;S/A;S/M;PILETA DE NATACION;ESMALTE SOBRE HIERRO;
MORENO 560 / 84;CASA NAC.DE LA MUSICA,EX BIBL.NAC.;ARQ. CARLOS MORRA;1901;S/M;EX SALA DE LECTURA;VITRAUX  CLARABOYA;SIN TITULO
AV. CALLAO 540 ESQUINA TUCUMAN;SAN SALVADOR;NAZARENO ORLANDI;S/A;S/M;BOVEDA NAVECENTRAL;FRESCO;
CALIFORNIA 2084/94;CENTRAL PARK, EX FABRIL FINANCIERA ;PEREZ CELIS;1999;S/M;FACHADA;PINTURA MURAL;TITULO DESCONOCIDO
AV. PEDRO DE MENDOZA 1777, LAMADRID 576;ENET Nº31 DE ARTES GRAFICAS;BENITO QUINQUELA MARTIN;1949;S/M;PATIO;ESMALTE A FUEGO S/ PLANCHAS DE HIERRO;TITULO DESCONOCIDO
AV. PEDRO DE MENDOZA 1801, ESQ. PALOS;"JARDIN MATERNAL ""BENITO QUINQUELA MARTIN""";BENITO QUINQUELA MARTIN;1946;S/M;PATIO;ESMALTE A FUEGO S/ PLANCHAS DE HIERRO;OBREROS EN ACTIVIDAD
SAAVEDRA 15 ESQ. AV. RIVADAVIA;DIRECCION DE SANIDAD ESCOLAR;MONICA CORRALES;1988;S/M;FACHADA;ESGRAFIADO;SALUD, PAZ Y DEMOCRACIA
WENCESLAO VILLAFAÑE 1342 ESQ. AZARA;ESC. DE BELLAS ARTES MANUEL BELGRANO;JULIAN CRIGNA Y PABLO LOPEZ;2007;S/M;SEGUNDO PISO;XILOGRABADO Y PINTURA MURAL;HOMENAJE A 30 AÑOS DE LA NOCHE DE LOS LAPICES
ADOLFO ALSINA 416, ESQ. DEFENSA;FARMACIA LA ESTRELLA;CARLOS BARBERIS;1900;3 X 3.14;CIELORRASO;PINTURA MURAL;LA FARMACIA, LA SALUD Y LA ENFERMEDAD
AV. DE MAYO 701 ESQ CHACABUCO 15;BANCO HSBC;BENITO QUINQUELA MARTIN;1962;S/M;HALL;OLEO SOBRE MADERA;DIA DE TRABAJO EN LA BOCA
CHACABUCO  271 / 285;LIBRERIA DEL MURO, EDIT. PERFIL;EX BLOQUES DEL MURO DE BERLIN;1992;S/M;HALL;PINTURA EN AEROSOL;HISTORIA DEL MURO DE BERLIN
CERVIÑO 3261/ 67;CLINICA JURI;MARIANO PAGES;1967;S/M;HALL;RELIEVE EN MARMOL;EL NACIMIENTO DE EVA
ESMERALDA 561/ TUCUMAN 764;GALERIA DEL CENTRO;LUIS SEOANE;1958;S/M;ESPACIO CENTRAL;MURAL CERAMICO Y FIGURAS EN HIERRO;HOMENAJE A GUAMAN POMA DE AYALA
LIBERTAD 948 / 56;GALERIA LAS VICTORIAS;LUIS SEOANE;1953;S/M;ACCESOPOR LIBERTAD ;FIGURAS DE HIERRO S/ MOSAICO VENECIANO;MATER GALECIAE
MARCELO TORCUATO DE ALVEAR 626;GALERIA EMBASSY;JUAN ANTONIO VAZQUEZ;1965;4 X 2.50;ACCESOPOR M.T. DE ALVEAR;ALTORELIEVE CON FIGURAS DE BRONCE;PERSONAJES
MARCELO TORCUATO DE ALVEAR 626;GALERIA EMBASSY;JUAN ANTONIO VAZQUEZ;1965;4 X 2.50;ACCESOPOR M.T. DE ALVEAR;ALTORELIEVE CON FIGURAS DE BRONCE;PERSONAJES
AV. ALVEAR 1800 Y AV. CALLAO;VIVIENDA MULTIFAMILIAR ;JULIO GERO;1950;S/M;FACHADA;RELIEVE;MUJER Y PALOMA
AV. CORRIENTES 2415/25;OFICINAS;AUTOR DESCONOCIDO;1970;S/M;FACHADA;MURAL CERAMICO;TITULO DESCONOCIDO
ECHEVERRIA 2210 ESQUINA CUBA;VIVIENDA MULTIFAMILIAR ;EDUARDO ALONSO CASELLAS;1980;S/M;HALL;PINTURA MURAL;FIESTA EN EL BARRIO CHINO
ESMERALDA 1075 / 77;VIVIENDA MULTIFAMILIAR ;LUIS SEOANE;1934;S/M;HALL;CONCRETO/RESINAS/METAL;LAS PESCADORAS
ESMERALDA 1075 / 77;VIVIENDA MULTIFAMILIAR ;LUIS SEOANE;1934;S/M;HALL;VITRAUX;ESCENAS CAMPESINAS
O`HIGGINS 1815;VIIVENDA MULTIFAMILIAR;HORACIO VOPDOVOTZ;1966;S/M;FACHADA;MURAL CERAMICO;LAGO KINERET
HIPOLITO YRIGOYEN 250 / BALCARCE 139;MINISTERIO DE ECONOMIA;GREGORIO LOPEZ NAGUIL;1939;4.85 X 4.00;HALL;OLEO S/ TELA;LA PESCA
HIPOLITO YRIGOYEN 250 / BALCARCE 139;MINISTERIO DE ECONOMIA;CESAREO BERNALDO DE QUIROS;1939;4.85 X 4.00;HALL;OLEO S/ TELA;TIERRA DE PROMISION
COMODORO PY 2002 Y AV. ANTARTIDA ARGENTINA;EDIFICIO DE TRIBUNALES;ATILIO BOVERI;S/A;S/M;;PINTURA S/ VIDRIO;
AV. 9 DE JUKIO 1925 ;MINISTERIO DE SALUD;BENITO QUINQUELA MARTIN;1938;S/M;DESPACHO MINISTERIAL;PINTURA MURAL;EN PLENA ACTIVIDAD
AGÜERO 2502;BIBLIOTECA NACIONAL;CARLOS PAEZ VILARO;1998;S/M;HALLPRIMER PISO;PINTURA MURAL;A LA BIBLIOTECA NACIONAL
ARENALES 819;                    PALACIO SAN MARTIN;MARCELLE RONDENAY;1910;S/M;CIELORRASO SALON DORADO;MAROUFLAGE (OLEO SOBRE TELA PEGADO AL CIELORRASO);AMERICA Y LA FORTUNA
AV. SANTA FE 750;           CIRCULO MILITAR, EX PALACIO PAZ;;1912;16 X 3.14;CUPULA DEL GRAN HALLDE HONOR;VITRAUX;
AV.DE LOS INMIGRANTES Y AV.PTE. CASTILLO;TERMINAL DE CRUCEROS;BENITO QUINQUELA MARTIN;1930;18 X 3.20;;OLEO S/ SOPORTE RIGIDO;DIA DE TRABAJO
AV.DEL LIBERTADOR 1850;AUTOMOVIL CLUB ARGENTINO;EMILIO CENTURION / DANTE ORTOLANI;1942;S/M;SALON DE ACTOS;FRESCO;ACTIVIDADES DEL PAIS
AV.DEL LIBERTADOR 1850;AUTOMOVIL CLUB ARGENTINO;ALFREDO GUIDO;1942;S/M;SALON DE TURISMO;FRESCO;LA PANAMERICANA
AV.DEL LIBERTADOR 1850;AUTOMOVIL CLUB ARGENTINO;HECTOR BASALDUA;1942;S/M;HALL8º PISO;FRESCO;LAS ESTACIONES DE SERVICIO
AV.DEL LIBERTADOR 1850;AUTOMOVIL CLUB ARGENTINO;MERCEDES RODRIGUE / JORGE SOTO ACEBAL;1942;S/M;SALON COMEDOR, 9º PISO;FRESCO;UN ALTO EN LA RUTA
AV. DIAGONAL NORTE ROQUE SAENZ PEÑA 615;PODER JUDICIAL DE LA NACION;JUAN CARLOS MIRAGLIA;S/A;S/M;PRIMER PISO;RELIEVE ESCULTORICO;RELIEVE
AV. DIAGONAL NORTE ROQUE SAENZ PEÑA 777;EX EDIFICIO DE YPF;ALBERTO LAGOS;1938;S/M;HALLDE ACCESO;RELIEVE;ALEGORIA
CARLOS PELLEGRINI 211;    GOB. C.BS. AS., EX MERCADO DEL PLATA;JUAN ANTONIO VAZQUEZ;1963;10 X 6;HALLDE ACCESO;MURAL CERAMICO;TITULO DESCONOCIDO
CARLOS PELLEGRINI 291;    GOB. C.BS. AS., EX MERCADO DEL PLATA;JUAN ANTONIO VAZQUEZ;1963;10 X 6;HALLDE ACCESO;MURAL CERAMICO ;TITULO DESCONOCIDO
GANDARA 2840;CLUB SOCIAL EL TREBOL;PEDRO GAETA;1989;S/M;INTERIOR;PINTURA MURAL;MITOLOGIA PORTEÑA, PARQUE CHAS
ESTADOS UNIDOS 1532;SINDICATO DE LOS OBREROS DE LA ALIMENTACION;RICARDO CARPANI;1966;S/M;SALON DE ACTOS;PINTURA MURAL;TRABAJO, SOLIDARIDAD Y LUCHA
ESTADOS UNIDOS 1532;SINDICATO DE LOS OBREROS DE LA ALIMENTACION;RICARDO CARPANI;1974;S/M;SALON DE ACTOS;PINTURA MURAL;CONCIENCIA
ESTADOS UNIDOS 1532;SINDICATO DE LOS OBREROS DE LA ALIMENTACION;PASCUAL DI BIANCO;1966;S/M;SALON DE ACTOS;PINTURA MURAL;TRABAJADORES
SARMIENTO 151;                     CORREO CENTRAL;AMADEO DELL'ACQUA;1945;2 X 6;SALA DE CORREO;OLEO SOBRE MADERA TERCIADA;LAS COMUNICACIONES MODERNAS
SARMIENTO 151;                     CORREO CENTRAL;AMADEO DELL'ACQUA;1945;2 X 6;SALA DE CORREO;OLEO SOBRE MADERA TERCIADA;LAS COMUNICACIONES MARITIMAS DE LA PRIMERA EPOCA
TUCUMAN 737;SINDICATO DEL VESTIDO;PASCUAL DI BIANCO;1964;5.50 X 4;HALL;PINTURA MURAL;DIRIGENTES EN ASAMBLEA
TUCUMAN 737;SINDICATO DEL VESTIDO;RICARDO CARPANI;1964;5.50 X 4;HALL;PINTURA MURAL;1° DE MAYO
ALSINA 1766;ASOCIACION ARGENTINA DE ACTORES;RAUL SOLDI;1960;6 X 2;HALL;OLEO S/TELA;ALEGORIA
AV. ANGEL GALLARDO Y LEOPOLDO MARECHAL;CAPILLA DEL DIVINO ROSTRO;AUGUSTO  CESAR FERRARI;1915;S/M;CAPILLA;PINTURA MURALAL GRAFITO;LA BENEFICENCIA A TRAVES DE LOS SIGLOS
AV. ANGEL GALLARDO 470;MUSEO CIENCIAS NATURALES;ALFREDO BIGATTI;1938;2.50 X 1.50;FACHADA;BAJORRELIEVE;FLAMENCOS
AV. ANGEL GALLARDO 470;MUSEO CIENCIAS NATURALES;ALFREDO BIGATTI;1938;2.50 X 1.50;FACHADA;BAJORRELIEVE;TAPIRES
AV. ANGEL GALLARDO 470;MUSEO CIENCIAS NATURALES;DONATO A. PROIETTO;1938;2.50 X 1.50;FACHADA;BAJORRELIEVE;LLAMAS
AV. ANGEL GALLARDO 470;MUSEO CIENCIAS NATURALES;DONATO A. PROIETTO;1938;2.50 X 1.50;FACHADA;BAJORRELIEVE;CONDORES
AV. ANGEL GALLARDO 470;MUSEO CIENCIAS NATURALES;EMILIO J. SARNIGUET;1938;2.50 X 1.50;FACHADA;BAJORRELIEVE;PUMAS
AV. ANGEL GALLARDO 470;MUSEO CIENCIAS NATURALES;LUIS C. ROVATTI;1938;2.50 X 1.50;FACHADA;BAJORRELIEVE;GUANACOS
AV. ANGEL GALLARDO 470;MUSEO CIENCIAS NATURALES;LUIS C. ROVATTI;1938;2.50 X 1.50;FACHADA;BAJORRELIEVE;ABORIGENES
AV. ANGEL GALLARDO 470;MUSEO CIENCIAS NATURALES;JUAN CARLOS OLIVA NAVARRO;1938;2.50 X 1.50;FACHADA;BAJORRELIEVE;FOCAS Y LOBO DE MAR
AV. CORDOBA 701;SOCIEDAD ESTIMULO DE BELLAS ARTES;CARLOS TERRIBILI;1996;12 X 3;FACHADA;PINTURA MURAL;ALEGORIAS
AV. CORRIENTES 1153;CENTRO CULTURAL DE LA COOPERACION;CARLOS ALONSO;2002;2.30 X 3;PLANTA BAJA;ACRILICO SOBRE TELA;EL TALLER
AV. CORRIENTES 1153;CENTRO CULTURAL DE LA COOPERACION;RODOLFO CAMPODONICO;2002;3 X 2.30;SUBSUELO;OLEO SOBRE TELA;LA VIDA SOBRE LA MESA
AV. CORRIENTES 1153;CENTRO CULTURAL DE LA COOPERACION;ANIBAL CEDRON;2002;2.30 X 3;SUBSUELO;ACRILICO SOBRE TELA;LA MAREA DONDE ARDIA
AV. CORRIENTES 1153;CENTRO CULTURAL DE LA COOPERACION;LUIS FELIPE NOE;2002;3 X 2.30;SUBSUELO;ACRILICO SOBRE TELA;CAMINO A LA SOLIDARIDAD, LA COOPERACION Y LA ESPERANZA
AV. CORRIENTES 1153;CENTRO CULTURAL DE LA COOPERACION;CARLOS GORRIARENA;2002;2.30 X 3;PLANTA BAJA;ACRILICO SOBRE TELA;!AH, LA VACA!
AV. CORRIENTES 1530;TEATRO GRAL. SAN MARTIN;CARLOS DE LA CARCOVA;1959;5 X 3;HALLSALA CASACUBERTA;ALTORELIEVE;ALEGORIA
AV. CORRIENTES 1530;TEATRO GRAL. SAN MARTIN;LUIS SEOANE;1959;35 X 11;HALLSALA CASACUBERTA;PINTURA MURALCON RESINAS SINTETICAS;EL NACIMIENTO DEL TEATRO ARGENTINO
AV. CORRIENTES 1530;TEATRO GRAL. SAN MARTIN;JUAN BATLLE PLANAS;1960;24 X 2.90;SALA CARLOS MOREL;MURAL CERAMICO;ALEGORIA
AV. CORRIENTES 1530;TEATRO GRAL. SAN MARTIN;JOSE FIORAVANTI;1959;5 X 2.50;HALLSALA MARTIN CORONADO;ALTORELIEVE EN CEMENTO COLOREADO;EL TEATRO CRIOLLO
AV. CORRIENTES 1530;TEATRO GRAL. SAN MARTIN;JUAN ANTONIO BALLESTER PEÑA;1959;S/M;SALA LEOPOLDO LUGONES;MURAL CERAMICO;TITULO DESCONOCIDO
AV. CORRIENTES 1530;TEATRO GRAL. SAN MARTIN;ROGELIO POLESELLO;2006;S/M;SALA LEOPOLDO LUGONES;MURAL DE PASTILLAS DE PASTA DE VIDRIO;NUNCA RECUERDO OLVIDARTE
AV. CORRIENTES 1530;TEATRO GRAL. SAN MARTIN;LUIS DIEGO PEDREIRA;2000;S/M;SALA CUNIL CABANILLAS;MURAL CERAMICO;LOS HERMANOS PODESTA
AV. DE MAYO 575;CASA DE LA CULTURA;NAZARENO ORLANDI;1898;S/M;SALON DORADO;MAROUFLAGE (OLEO SOBRE TELA PEGADO AL CIELORRASO);ATENEA Y LAS MUSAS
AV. DEL LIBERTADOR 1473;MUSEO NACIONAL DE BELLAS ARTES;ALFREDO BIGATTI;1937;S/M;SALA DE EXPOSICIONES;RELIEVE EN BRONCE;COCINA CRIOLLA
AV. DEL LIBERTADOR 2373;MUSEO DE ARTE POPULAR JOSE HERNANDEZ;ALEJANDRO PUENTE;2007;S/M;ACCESO;MURAL DE PASTILLAS DE PASTA DE VIDRIO;HOMENAJE AL ARTISTA ARTESANO
AV. GARAY 102;DIARIO CRONICA;CARLOS GENOVESE;1998;3 X 2;FACHADA;PINTURA MURAL;BAILONGO DEL 900
AV.LAS HERAS 1833;COLEGIO DE ESCRIBANOS;RAUL SOLDI;1972;S/M;SALON SOLDI;MAROUFLAGE (OLEO SOBRE TELA PEGADO A LA PARED);LAS MUJERES SABIAS
AV. PEDRO DE MENDOZA 1821;TEATRO DE LA RIBERA;BENITO QUINQUELA MARTIN;1968;4 X 4;SALA TEATRAL;OLEO S/ HARBOARD;SALUDO A LA BANDERA
AV. PEDRO DE MENDOZA 1821;TEATRO DE LA RIBERA;BENITO QUINQUELA MARTIN;1968;4 X 4;SALA TEATRAL;OLEO S/ HARBOARD;PROCESION NAUTICA
AV. PEDRO DE MENDOZA 1821;TEATRO DE LA RIBERA;BENITO QUINQUELA MARTIN;1968;4 X 4;SALA TEATRAL;OLEO S/ HARBOARD;DIA DEL TRABAJO
AV. PEDRO DE MENDOZA 1821;TEATRO DE LA RIBERA;BENITO QUINQUELA MARTIN;1968;4 X 4;SALA TEATRAL;OLEO S/ HARBOARD;TANGO DE LA RIBERA
AV. PEDRO DE MENDOZA 1821;TEATRO DE LA RIBERA;BENITO QUINQUELA MARTIN;1967;4 X 4;SALA TEATRAL;OLEO S/ HARBOARD;ARRANCANDO
AV. PEDRO DE MENDOZA 1821;TEATRO DE LA RIBERA;BENITO QUINQUELA MARTIN;1967;4 X 4;SALA TEATRAL;OLEO S/ HARBOARD;DIA DE FIESTA
AV. PEDRO DE MENDOZA 1821;TEATRO DE LA RIBERA;BENITO QUINQUELA MARTIN;1968;4 X 4;HALLPRIMER PISO;OLEO S/ HARBOARD;RINCON DE LA BOCA
AV. SANTA FE 1235;CASA DEL TEATRO , TEATRO REGINA;BENITO QUINQUELA MARTIN;1928;3 X 5;FOYER;OLEO S/ TELA;DESCARGANDO CARBON
AV. SANTA FE 1235;CASA DEL TEATRO , TEATRO REGINA;BENITO QUINQUELA MARTIN;1928;3 X 5;FOYER;OLEO S/ TELA;EN PLENA ACTIVIDAD
BOULOGNE SUR MER 547;TEATRO IFT;C.BISCIONE, M.GLORIOSO, W. VILADRICH;1952;2.50 X 3.60;TERRAZA ;RELIEVE ESCULTORICO EN PIEDRA;ALEGORIA DE LA POESIA, LA TRAGEDIA, LA DANZA, LA COMEDIA Y LA MUSICA
BOULOGNE SUR MER 547;TEATRO IFT;JULIO BARRAGAN Y OTROS;1952;15 X 3;SALA DE 2° PISO;PINTURA MURAL;HISTORIA DE LOS TEATROS ARGENTINO Y JUDIO
BOULOGNE SUR MER 547;TEATRO IFT;JUAN CARLOS CASTAGNINO;1952;IRREGULAR;FOYER TEATRO;GRABADO EN MARMOL;EL TEATRO ES ESCUELA PARA ADULTOS
BOULOGNE SUR MER 547;TEATRO IFT;MANUEL KANTOR;1952;IRREGULAR;ENTREPISO FOYER;GRABADO EN MARMOL;MUSICOS POPULARES
BOULOGNE SUR MER 547;TEATRO IFT;BARTOLOME MIRABELLI;1952;IRREGULAR;ENTREPISO FOYER;GRABADO EN MARMOL;CANTANTES POPULARES
CAMINITO;CALLE MUSEO;BENITO QUINQUELA MARTIN;S/A;1 X 1.20;CALLE;MOSAICO VENECIANO;RINCON BOQUENSE
CAMINITO;CALLE MUSEO;JULIO VERGOTTINI;1948;1.70 X 2.40;CALLE;BAJORRELIEVE;LA CANCION
CAMINITO;CALLE MUSEO;ISRAEL HOFFMAN;1948;0.75 X 1.45;CALLE;BAJORRELIEVE;GUARDIA VIEJA - TANGO
CAMINITO;CALLE MUSEO;ROBERTO CAPURRO;1948;1.40 X 1.40;CALLE;ALTORELIEVE;ESPERANDO LA BARCA
CAMINITO;CALLE MUSEO;MARISA BALMASEDA KRAUSE;1948;0.95 X 1.75;CALLE;BAJORRELIEVE;HERRERO BOQUENSE
CAMINITO;CALLE MUSEO;LUIS PERLOTTI;1939;1.60 X 2.50;CALLE;BAJORRELIEVE;LAS TEJEDORAS
CAMINITO;CALLE MUSEO;RICARDO SANCHEZ;1965;3 X 5.3;CALLE;MURAL CERAMICO;REGRESO DE LA PESCA
CAMINITO;CALLE MUSEO;LUIS PERLOTTI;1948;1.10 X 1.80;CALLE;BAJORRELIEVE;SANTOS VEGA
CAMINITO;CALLE MUSEO;YBARRA GARCIA;1948;1.32 X 2.44;CALLE;BAJORRELIEVE;FRAGATA SARMIENTO
CAMINITO;CALLE MUSEO;LUIS PERLOTTI;1948;1 X 0.90;CALLE;BAJORRELIEVE;CLAVEL DEL AIRE
CAMINITO;CALLE MUSEO;BENITO QUINQUELA MARTIN;1948;0.66 X 0.85;CALLE;MURAL CERAMICO;DIA DEL TRABAJO
CAMINITO;CALLE MUSEO;HUMBERTO CERANTONIO;1948;1.50 X 4.20;CALLE;ALTORELIEVE;EL MAESTRO - EL CORO - EL TRABAJO (TRIPTICO)
CAMINITO;CALLE MUSEO;MAR FERNANDEZ;1948;0.88 X 1.25;CALLE;BAJORRELIEVE;LA FAMILIA
CAMINITO;CALLE MUSEO;JULIO VERGOTTINI;1948;4 X 2.30;CALLE;BAJORRELIEVE;LA SIRGA
LAMBARE 873;RADIO LA T¿TRIBU;DIEGO PERROTA, VIVIANA GAROFOLI;1999;14 X 3;FACHADA;PINTURA MURAL;TITULO DESCONOCIDO
QUERANDIES 4288;CENTRO CULTURAL IMPA;MARCELO CARPITA;2002;S/M;ACCESO;PINTURA MURALCON APLICACIONES DE ALUMINIO;IMPA, INDUSTRIA METALURGICA PLASTICA ARGENTINA
ADOLFO ALSINA 380;SAN FRANCISCO;HORACIO BUTLER;1969;8 X 12;;TAPIZ;GLORIFICACION A SAN FRANCISCO
AV. SANTA FE 4370;PARROQUIA SAGRADA EUCARISTIA;ARMANDO SICA;1955;1.85 X 4.50;ATRIO;FRESCO;RELATOS BIBLICOS
AV. SANTA FE 4370;PARROQUIA SAGRADA EUCARISTIA;NORAH BORGES;1950;1.85 X 4.50;ALTAR MAYOR;PINTURA MURAL;ANGELES
BRASIL 315;IGLESIA ORTODOXA RUSA;ESC. NAC. DE CERAMICA FERNANDO  ARRANZ;1990;2 X 3;MEDIANERA ACCESO;MURAL CERAMICO;BAUTISMO DE RUSIA, 988/1988
DR. FELIPE ARANGUREN 693;PARROQUIA EL BUEN PASTOR;GERARDO CIANCIOLO;2000;8 X 13;S/ALTAR MAYOR;PINTURA MURALCON ESMALTE SINTETICO;TITULO DESCONOCIDO
DR. FELIPE ARANGUREN 693;PARROQUIA EL BUEN PASTOR;MARCELO CARPITA;2000;IRREGULAR;NAVE;PINTURA MURALCON ESMALTE SINTETICO;VIA CRUCIS
NECOCHEA 312;NTRA.SRA.MADRE DE LOS EMIGRANTES;BENITO QUINQUELA MARTIN;1967;3 X 4;FACHADA;MURAL CERAMICO;LA DESPEDIDA
NECOCHEA 312;NTRA.SRA.MADRE DE LOS EMIGRANTES;RAUL RUSSO;1967;3 X 4;ACCESO;VITRAUX;TITULO DESCONOCIDO
NECOCHEA 312;NTRA.SRA.MADRE DE LOS EMIGRANTES;ARMANDO SICA;1967;3 X 4;LATERAL ALTAR;VITRAUX;NUESTRA SEÑORA MADRE DE LOS EMIGRANTES
NECOCHEA 312;NTRA.SRA.MADRE DE LOS EMIGRANTES;JUAN BALLESTER PEÑA;1967;3 X 4;FRENTE ALTAR;VITRAUX;SIMBOLOS EUCARISTICOS
NECOCHEA 312;NTRA.SRA.MADRE DE LOS EMIGRANTES;GERARDO CIANCIOLO;1995;3 X 4;EXTERIOR LATERAL;PINTURA MURAL;LOS INMIGRANTES
RIVADAVIA 437;CATEDRAL METROPOLITANA;FRANCISCO PAOLO PARISI;1901;S/M;NAVECENTRAL;PINTURA MURALAL ENCAUSTO ;SAN SIMON
RIVADAVIA 437;CATEDRAL METROPOLITANA;FRANCISCO PAOLO PARISI;1901;S/M;NAVECENTRAL;PINTURA MURALAL ENCAUSTO ;SAN TADEO
ROGELIO YRURTIA 5800;IGLESIA SAN JUAN EL PRECURSOR;GASTON JARRY;1945;S/M;S/ALTAR ;FRESCO;SAN JUAN EL PRECURSOR
TRAFUL 3535;NUESTRA SEÑORA DE LA DIVINA PROVIDENCIA;MARIA SZEKELY;1959;S/M;NAVE;FRESCOS (12);LA ALMOHADA DE LOS POBRES
VENEZUELA 1536;CENTRO CULTURAL BETANZOS;JUAN MANUEL SANCHEZ;2007;S/M;AUDITORIO;OLEO SOBRE TELA;GALICIA
AV. PEDRO DE MENDOZA 2841;BARRACA MERLO;JUAN CARLOS VICTORICA;1924;3.60 X 4.80;FACHADA;MURAL CERAMICO;EL BALCON
AV. PEDRO DE MENDOZA 2841;BARRACA MERLO;BENITO QUINQUELA MARTIN;1924;5.10 X 5.85;FACHADA;MURAL CERAMICO;EMBARQUE DE GRANOS
AV. PEDRO DE MENDOZA 2841;BARRACA MERLO;FORTUNATO LACAMERA;1924;4.80 X 5;FACHADA;MURAL CERAMICO;CALLE DE LA BOCA
ANDONAEGUI 1532;"ESCUELA N° 27, DE15, ""PETRONILA RODRIGUEZ""";CHIESA - CASTAGNA - BALDINI;1935;S/M;SALON DE ACTOS;FRESCO;DESCUBRIMIENTO DE AMERICA
AV. LAS HERAS 3086;ESCUELA HERRERA VEGAS;GERARDO CIANCIOLO;2004;S/M;HALLACCESO;PINTURA MURAL;LA EDUCACION ES UN DERECHO
AV. PEDRO DE MENDOZA 1835;ESCUELA MUSEO;BENITO QUINQUELA MARTIN;1936;6.50 X 2.70;"AULA ""E.J.SARNIGUET""";OLEO S/ TELA;REGRESO DE LA PESCA
AV. PEDRO DE MENDOZA 1835;ESCUELA MUSEO;BENITO QUINQUELA MARTIN;1936;2.70 X 6.50;"AULA ""E.SIVORI""";OLEO S/ TELA;LA DESPEDIDA
AV. PEDRO DE MENDOZA 1835;ESCUELA MUSEO;BENITO QUINQUELA MARTIN;1936;6.50 X 2.70;"AULA ""A.ALICE""";OLEO S/ TELA;CARGADORAS DE NARANJAS EN CORRIENTES
AV. PEDRO DE MENDOZA 1835;ESCUELA MUSEO;BENITO QUINQUELA MARTIN;1936;6 X 2.70;"AULA ""L.C.MORALES""";OLEO S/ TELA;BUZOS EN EL FONDO DEL MAR
AV. PEDRO DE MENDOZA 1835;ESCUELA MUSEO;BENITO QUINQUELA MARTIN;1936;6 X 2.70;"AULA ""F.FADER""";OLEO S/ TELA;FOGATA DE SAN JUAN
AV. PEDRO DE MENDOZA 1835;ESCUELA MUSEO;BENITO QUINQUELA MARTIN;1936;5 X 2.60;"AULA ""J. BERMUDEZ""";OLEO S/ TELA;INUNDACION EN LA BOCA
AV. PEDRO DE MENDOZA 1835;ESCUELA MUSEO;BENITO QUINQUELA MARTIN;1936;6.50 X 3.00;"AULA ""P.COLIVADINO""";OLEO S/ TELA;LA BOCA EN EL AÑO 1860
AV. PEDRO DE MENDOZA 1835;ESCUELA MUSEO;BENITO QUINQUELA MARTIN;1936;6.50 X 2.70;"AULA ""P.Z.BRIANO""";OLEO S/ TELA;BENDICION DE LAS BARCAS
AV. PEDRO DE MENDOZA 1835;ESCUELA MUSEO;BENITO QUINQUELA MARTIN;1936;9 X 3.00;PATIO CUBIERTO;OLEO S/ TELA;CARNAVAL EN LA BOCA
AV. PEDRO DE MENDOZA 1835;ESCUELA MUSEO;BENITO QUINQUELA MARTIN;1936;4.50 X 5.00;PATIO DEL 1° PISO;OLEO S/ TELA;EMBARQUE DE CEREALES
AV. PEDRO DE MENDOZA 1835;ESCUELA MUSEO;BENITO QUINQUELA MARTIN;1936;6.50 X 3.00;"AULA ""MENDILAMARZU""";OLEO S/ TELA;MASCARONES
AV. PEDRO DE MENDOZA 1835;ESCUELA MUSEO;BENITO QUINQUELA MARTIN;1936;6.50 X 2.70;"AULA ""T. DE LIBIAN""";OLEO S/ TELA;CARGADORES DE CARBON
AV. PEDRO DE MENDOZA 1835;ESCUELA MUSEO;BENITO QUINQUELA MARTIN;1936;9 X 3.00;PATIO CUBIERTO;MURAL CERAMICO;EL DESFILE DEL CIRCO
AV. PEDRO DE MENDOZA 1835;ESCUELA MUSEO;BENITO QUINQUELA MARTIN;1936;6.50 X 2.70;PATIO CUBIERTO;MURAL CERAMICO;SALUDO A LA BANDERA
AV. PEDRO DE MENDOZA 1835;ESCUELA MUSEO;HEBE SALVAT;1936;1.96 X 1.05;PATIO DEL 1° PISO;MURAL CERAMICO;EL ANGEL CAMPESINO
CALIFORNIA 1925;ESC. TTE. GRAL. ROSENDO FRAGA;GERARDO CIANCIOLO;2001;S/M;FACHADA;PINTURA MURAL;TITULO DESCONOCIDO
GENERAL URQUIZA 277;ESC. NORMAL SUPERIOR Nº2  MARIANO ACOSTA;NAZARENO ORLANDI;1910;S/M;SALON DE ACTOS;MAROUFLAGE (OLEO SOBRE TELA PEGADO AL CIELORRASO);TITULO DESCONOCIDO
JUAN AGUSTIN GARCIA 2755;"ESCUELA Nº7, DE 17, ""REPUBLICA DE MEXICO""";BENITO QUINQUELA MARTIN;1941;S/M;HALL;OLEO Y CERA EN CHAPAS DE CELOTEX;TRABAJO 
JULIAN ALVAREZ 2849;"ESCUELA Nº12, DE1, ""GRAL. LAS HERAS""";DEL PIERO - CARDENAS;1999;8.00 X 10.00;;ESGRAFIADO;TITULO DESCONOCIDO
MERCEDES 4002;"ESC.EM 3, DE17, ""ANTONIO DEVOTO""";RODOLFO CAMPODONICO;1967;7.50 X 3.60;SALON DE ACTOS;OLEO SOBRE TELA;TITULO DESCONOCIDO
OLAVARRIA 486;COLEGIO SAN JUAN EVANGELISTA;DOMINGO IANANTUONI;1969;S/M;FACHADA;MURAL CERAMICO;HUMANIZACION AL TRABAJO. CRISTO EN LA BOCA. DIGNIFICACION DE LA VIDA
PRESIDENTE LUIS SAENZ PEÑA 1215;"ESC Nº11, DE 3 ""DR. RICARDO GUTIERREZ""";GERARDO CIANCIOLO;2003;S/M;FACHADA;PINTURA MURAL;HOMENAJE A LA ESCUELA PUBLICA
YERBAL 2370;"ESCUELA Nº1, DE 12 ""GRAL. URQUIZA""";RAUL SOLDI;1975;2 X 3;PATIO CUBIERTO;MURAL CERAMICO;SANTA ANA Y LA VIRGEN NIÑA IMAGINANDO SUS SUEÑOS
ZABALA 1837;UNIVERSIDAD DE BELGRANO;PEREZ CELIS;1997;S/M;HALL;MURAL EN MADERA Y ACERO INOXIDABLE;EL CAMINO DEL CONOCIMIENTO
BRANDSEN 805;CLUB ATLETICO BOCA JUNIORS;ROMULO MACCIO;1999;S/M;FRENTE/S DEL VALLE IBARLUCEA;ESMALTE SINTETICO S/ PANELES METALICOS;ALEGORIAS
BRANDSEN 805;CLUB ATLETICO BOCA JUNIORS;PEREZ CELIS;1999;S/M;FRENTE/S DEL VALLE IBARLUCEA;ALTORELIEVE CON MOSAICO VENECIANO;IDOLOS
BRANDSEN 805;CLUB ATLETICO BOCA JUNIORS;PEREZ CELIS;1999;S/M;FRENTE/S DEL VALLE IBARLUCEA;ALTORELIEVE CON MOSAICO VENECIANO;MITO Y DESTINO
BRANDSEN 805;CLUB ATLETICO BOCA JUNIORS;BENITO QUINQUELA MARTIN;1941;5 X 7;HALLDE ENTRADA;OLEO S/ AGLOMERADO DE MADERA;EL ORIGEN DE LOS COLORES DE LA BANDERA DE BOCA
BRANDSEN 805;CLUB ATLETICO BOCA JUNIORS;GERARDO CIANCIOLO / MARCELO CARPITA;1994;S/M;FRENTE S/BRANDSEN;PINTURA MURAL;DALE BOCA
AV. FIGUEROA ALCORTA 7597;CLUB RIVER PLATE;BENITO QUINQUELA MARTIN;1937;S/M;CONFITERIA DEL ESTADIO;OLEO SOBRE MADERA;EL CAMPEON
AV. FIGUEROA ALCORTA 7597;CLUB RIVER PLATE;BENITO QUINQUELA MARTIN;1937;S/M;CONFITERIA DEL ESTADIO;OLEO SOBRE MADERA;LA PRIMERA CANCHA DE RIVER
AV. ALVAREZ JONTE 4767;GALERIA JONTE;JUAN MANUEL SANCHEZ;1965;S/M;ACCESO;PINTURA MURAL;LA FAMILIA
AV. CABILDO 2869;CINE ARTEPLEX BELGRANO, EX CINE SAVOY;ROBERTO DEL VILLANO;1991;S/M;PRIMER PISO;PINTURA MURAL;HOMENAJE AL CINE
AV. CORRIENTES 1145;GALERIA DEL OBELISCO;JUAN CARLOS CASTAGNINO;1961;4 X 5;ACCESOPOR AV. CORRIENTES;PINTURA MURALAL OLEO;DESPERTAR EN LA LLANURA
AV. CORRIENTES 1369;PIZZERIA LOS INMORTALES;CARLOS LEONETTI;1955;S/M;SALON;PINTURA MURAL;GARDEL EN LA CALLE CORRIENTES
AV. CORRIENTES 1551;LIBRERIA LOSADA;JUAN CARLOS CASTAGNINO;1941;3 X 6;SALON ;FRESCO;HOMENAJE AL CINE
AV. CORRIENTES 1551;LIBRERIA LOSADA;CESAR LOPEZ CLARO;1941;3 X 6;SALON;FRESCO;LAS ARTES
AV. LA PLATA 2428;BANCO CREDICOOP;DEMETRIO URRUCHUA;1965;S/M;SALON DE ENTRADA;FRESCO;TITULO DESCONOCIDO
AV. RIVADAVIA 4975;GALERIA PARIS;JUAN CARLOS CASTAGNINO;1959;5.50 X 6;ACCESOAV. RIVADAVIA;PINTURA MURAL;HOMBRE - ESPACIO - ESPERANZA
AV. RIVADAVIA 4955;GALERIA RIVADAVIA;ANATOLIO SOKOLOFF;1956;S/M;BAJO CLARABOYA CENTRAL;OLEO SOBRE TELA;EL PUERTO / EL DESCUBRIMIENTO DE AMERICA / LA VIDA URBANA
AV. RIVADAVIA 6836;GALERIA SAN JOSE DE FLORES;JUAN CARLOS CASTAGNINO;1956;S/M;CUPULA;FRESCO;LA FRATERNIDAD
AV. RIVADAVIA 6836;GALERIA SAN JOSE DE FLORES;JUAN CARLOS CASTAGNINO;1956;S/M;CUPULA;FRESCO;LA FERTILIDAD
AV. RIVADAVIA 6836;GALERIA SAN JOSE DE FLORES;ENRIQUE POLICASTRO;1956;S/M;CUPULA;FRESCO;LA PACHAMAMA
AV. RIVADAVIA 6836;GALERIA SAN JOSE DE FLORES;DEMETRIO URRUCHUA;1956;S/M;CUPULA;FRESCO;¡OH, SAN JOSE DE FLORES...
AV. SANTA FE 1660;GALERIA SANTA FE;RAUL SOLDI;1954;18 X 19;CUPULA;FRESCO;TITULO DESCONOCIDO
AV. SANTA FE 1660;GALERIA SANTA FE;LUIS SEOANE;1954;S/M;BOVEDA CALLE LATERAL;FRESCO;LOS MUSICOS
AV. SANTA FE 1660;GALERIA SANTA FE;GERTRUDIS CHALE;1954;S/M;SECTOR M.T. DE ALVEAR;FRESCO;EL INDIO
AV. SANTA FE 1660;GALERIA SANTA FE;NOEMI GERSTEIN;1954;S/M;ACCESOAV. SANTA FE;HIERRO FORJADO;LOS OBREROS
AV. SANTA FE 1660;GALERIA SANTA FE;RODOLFO PRESAS, LEOPOLDO TORRES AGÜERO;1954;S/M;BOVEDA POSTERIOR;FRESCO;TITULO DESCONOCIDO
AV. SANTA FE 1660;GALERIA SANTA FE;LEPOLDO TORRES AGÜERO ;1954;S/M;SECTOR M.T. DE ALVEAR;MOSAICO VENECIANO;TITULO DESCONOCIDO
AV. SANTA FE 1660;GALERIA SANTA FE;LEOPOLDO TORRES AGÜERO;1954;S/M;ACCESOM.T. DE ALVEAR;FRESCO;TITULO DESCONOCIDO
AV. SANTA FE 1660;GALERIA SANTA FE;JUAN BATLLE PLANAS;1954;S/M;ACCESOAV. SANTA FE;FRESCO;TITULO DESCONOCIDO
AV. SANTA FE 1662;GALERIA SANTA FE;RAUL SOLDI;1950;S/M;LOCAL 3;FRESCO;LOS AMANTES
AV. SANTA FE 1860;LIBRERIA EL ATENEO, EX CINE GRAND SPLENDID;NAZARENO ORLANDI;1919;S/M;SALON CENTRAL;MAROUFLAGE (OLEO SOBRE TELA PEGADO AL CIELORRASO);TITULO DESCONOCIDO
FLORIDA 1005;PLAZA HOTEL;JORGE SOTO ACEBAL, MERCEDES RODRIGUE;1930;S/M;RESAURANT LA BRASSERIE;FRESCO;ESCENAS DEL 900
FLORIDA 753;GALERIAS PACIFICO;MANUEL COLMEIRO;1946;S/M;CUPULA;FRESCO;LA PAREJA HUMANA O EL AMOR MATERNAL
FLORIDA 753;GALERIAS PACIFICO;DEMETRIO URRUCHUA;1946;S/M;CUPULA;FRESCO;LA FRATERNIDAD
FLORIDA 753;GALERIAS PACIFICO;LINO ENEA SPILIMBERGO;1946;S/M;CUPULA;FRESCO;EL DOMINIO DE LAS FUERZAS NATURALES
FLORIDA 753;GALERIAS PACIFICO;JUAN CARLOS CASTAGNINO;1946;S/M;CUPULA;FRESCO;LA VIDA DOMESTICA O LA OFRENDA GENEROSA DE LA NATURALEZA
FLORIDA 753;GALERIAS PACIFICO;ANTONIO BERNI;1946;S/M;CUPULA;FRESCO;EL AMOR O GERMINACION DE LA TIERRA
FLORIDA 753;GALERIAS PACIFICO;CARLOS ALONSO;1992;S/M;;ACRILICO S/SOPORTE RIGIDO;CON LOS PIES EN LA TIERRA
FLORIDA 753;GALERIAS PACIFICO;JOSEFINA ROBIROSA;1992;S/M;;OLEO S/SOPORTE RIGIDO;OTRO TIEMPO
FLORIDA 753;GALERIAS PACIFICO;ROMULO MACCIO;1992;S/M;;ACRILICO S/SOPORTE RIGIDO;FLORIDA IDA Y VUELTA
FLORIDA 753;GALERIAS PACIFICO;GUILLERMO ROUX;1992;S/M;;OLEO S/SOPORTE RIGIDO;MUJER Y MASCARAS
FLORIDA 971;GALERIA LARRETA;LUIS SEOANE;1958;S/M;SALON CENTRAL;TARACEA DE MARMOLES;TITULO DESCONOCIDO
GÜEMES 3657;LA PEÑA DEL COLORADO;MARCELO CARPITA;2001;4 X 4;MURO FRONTAL EN GALERIA;ACRILICO PARA EXTERIORES;TITULO DESCONOCIDO
AV. PEDRO DE MENDOZA 1795;HOSPITAL ODONTOLOGICO INFANTIL;BENITO QUINQUELA MARTIN;1955;S/M;FACHADA;MURAL CERAMICO;LA BOCA DEL RIACHUELO
AV. BELGRANO 1746;FUNDACION FAVALORO;RAUL SOLDI;1994;S/M;HALLDE ACCESO;MURAL CERAMICO;CONCIERTO EN EL JARDIN
AV. SAN MARTIN 3175;CLINICA OBRA SOCIAL PERFUMISTAS;ALBERTO BRUZZONE;1970;S/M;HALLDE ACCESO;FRESCO;LA FAMILIA
AV. MONTES DE OCA 40;HOSPITAL DE NIÑOS PEDRO ELIZALDE;LUIS FELIPE NOE;2006;S/M;;MURAL CON PASTILLAS DE VIDRIO;TA - TE - TI
ESTEBAN DE LUCA 2151;MATERNIDAD SARDA;JORGE ESTOMBA;1973;S/M;HALL;PINTURA MURAL;EL ESPACIO
ESTEBAN DE LUCA 2151;MATERNIDAD SARDA;JORGE ESTOMBA;1973;S/M;HALL;PINTURA MURAL;LA TIERRA
ARENALES 3768;VIVIENDA MULTIFAMILIAR ;JUAN BATLLE PLANAS;1964;3.25 X 10.50;HALL;FRESCO;TITULO DESCONOCIDO
AZCUENAGA 1074;VIVIENDA MULTIFAMILIAR ;LUIS SEOANE;S/A;S/M;HALL;PINTURA MURAL;TITULO DESCONOCIDO
AV. CABILDO 563;VIIVENDA MULTIFAMILIAR;PONCIANO CARDENAS CANEDO;1970;S/M;;MURAL CERAMICO;IMAGENES DE MI TIERRA
AV. CALLAO 1421;VIVIENDA MULTIFAMILIAR ;LUIS SEOANE;1956;S/M;HALL;PINTURA MURAL;MUSICOS Y LABRADORES
AV. CALLAO 2050;VIVIENDA MULTIFAMILIAR ;CARLOS ALONSO;1964;6 X 2;ACCESOA GARAGE;MURAL CERAMICO;JUGANDO CON MARIPOSAS
AV. CORRIENTES 2133;VIVIENDA MULTIFAMILIAR ;LUIS SEOANE;1972;S/M;ACCESOA GARAGE;RELIEVE;TITULO DESCONOCIDO
AV. DE LOS INCAS 3390;VIVIENDA MULTIFAMILIAR ;LUIS SEOANE;1971;2 X 5;HALLDE ENTRADA;OLEO;MARISQUERAS
AV. DEL LIBERTADOR 5266;VIVIENDA MULTIFAMILIAR ;SUSANA FEDRANO, RUBEN MANZO;1973;4 X 2.50;HALL;RELIEVE EN BRONCE Y COBRE;PUENTE
AV. JUAN B. JUSTO 2720;VIVIENDA MULTIFAMILIAR ;ANTONIO BERNI;1943;S/M;HALL;FRESCO;TITULO DESCONOCIDO
AV. JUAN B. JUSTO 2720;VIVIENDA MULTIFAMILIAR ;DEMETRIO URRUCHUA;1943;S/M;HALL;FRESCO;TITULO DESCONOCIDO
AV. PTE. ROQUE SAENZ PEÑA 950;OFICINAS;ROBERTO MATTIELLO;1962;4.00 X 10.00;HALL;ALTORELIEVE EN YESO Y COBRE;TITULO DESCONOCIDO
AV. RIVADAVIA 2031;VIVIENDA MULTIFAMILIAR ;EDUARDO RODRIGUEZ ORTEGA;1905;IRREGULAR;FACHADA;RELIEVE;LA CASA DE LOS LIRIOS
AV. RIVADAVIA 3320;VIVIENDA MULTIFAMILIAR ;VIRGINIO COLOMBO;1912;S/M;HALL;MOSAICO DE VIDRIOS PINTADOS;ORFEO
AV. RIVADAVIA 3320;VIVIENDA MULTIFAMILIAR ;VIRGINIO COLOMBO;1912;S/M;HALL;MOSAICO DE VIDRIOS PINTADOS;SALOME
AV. RIVADAVIA 6140;VIVIENDA MULTIFAMILIAR ; PEREZ CELIS;1962;S/M;HALL;ALTORELIEVE;FUERZA - AMERICA
AV. RIVADAVIA 6740;VIVIENDA MULTIFAMILIAR ;ROBERTO OBARRIO;1965;S/M;HALL;CERAMICA Y LADRILLO DE MAQUINA;TITULO DESCONOCIDO
AV. SANTA FE 3952;VIIVENDA MULTIFAMILIAR;LUIS FALCINI;1951;S/M;HALL;RELIEVE;EL DESARROLLLO MACIONAL
FRENCH 2778;VIVIENDA MULTIFAMILIAR ;LUIS SEOANE;1959;S/M;HALL;PINTURA MURALCON RESINAS SINTETICAS;JINETES
JUNIN 309;VIVIENDA MULTIFAMILIAR ;CARLOS SESSANO;1964;S/M;HALL;MURAL CERAMICO;TRES NIÑIOS
HIPOLITO YRIGOYEN 2562;VIVIENDA MULTIFAMILIAR ;VIRGINIO COLOMBO / ESCULTOR E. PASSINA;1912;S/M;FACHADA;ALTORELIEVE;SIN TITULO
JURAMENTO 2120;VIVIENDA MULTIFAMILIAR ;LUIS SEOANE;1958;S/M;HALL;PINTURA MURAL;EL CARRO DE LA LUNA / ESCENAS DE TAUROMAQUIA / FIGURAS
LA PAMPA 1924;VIVIENDA MULTIFAMILIAR ;ORLANDO PIERRI;1967;S/M;HALL;MURAL CERAMICO;BARCAS
LA PAMPA 2088;VIVIENDA MULTIFAMILIAR ;JUAN BATLLE PLANAS;1965;S/M;;PINTURA MURAL;PERSONAJES, LA GUITARRA
LARREA 790;VIVIENDA MULTIFAMILIAR ;OSCAR CAPRISTO;1962;S/M;HALL;MURAL CERAMICO;PLENITUD
LUIS SAENZ PEÑA 274;VIVIENDA MULTIFAMILIAR ;JULIAN GARCIA;1911;S/M;FACHADA;MURAL CERAMICO;SIN TITULO
MACHAIN 3553;VIVIENDA INDIVIDUAL;ARIOSTO OTERO;2003;9.40 X 4;MEDIANERA FONDO DE LA VIV.;ESGRAFIADO;LOS MITOS
MONTEVIDEO 1920;VIVIENDA MULTIFAMILIAR ;LUIS SEOANE;1956;5 X 2.50;HALL;CERAMICA Y RESINAS SINTETICAS;LAS CARRETAS
MONTEVIDEO 1985;VIVIENDA MULTIFAMILIAR ;LUIS SEOANE;S/A;S/M;HALL;;
REPUBLICA ARABE SIRIA 2637;VIVIENDA MULTIFAMILIAR ;ANTONIO BERNI;S/A;S/M;HALL;PINTURA MURAL;
OLAZABAL 3340;VIVIENDA INDIVIDUAL;LUIS SEOANE;1954;S/M;INTERIOR;PIEDRA PICADA RECONSTITUIDA;SIN TITULO
PARAGUAY 1269;VIVIENDA MULTIFAMILIAR ;JUAN MANUEL SANCHEZ;1983;S/M;HALL;PINTURA MURAL;SEIS MUJERES
PARAGUAY 1307;VIVIENDA MULTIFAMILIAR ;JUAN CARLOS CASTAGNINO;1959;S/M;HALL;PINTURA MURAL;TITULO DESCONOCIDO
PARAGUAY 1330;LA CASA DE LOS AZULEJOS;PIO PINZAUTI;1911;S/M;FACHADA;MURAL CERAMICO;ESCENAS PASTORILES
PASO 684;VIVIENDA MULTIFAMILIAR ;JULIAN GARCIA;1910;S/M;FACHADA;ALTORELIEVE;SIN TITULO
TRES DE FEBRERO 1479;VIVIENDA MULTIFAMILIAR ;SUSANA FEDRANO, RUBEN MANZO;1973;S/M;HALL;RELIEVE EN BRONCE Y COBRE;HOMBRE TEMPORAL
URQUIZA 41;VIVIENDA MULTIFAMILIAR ;ANTONIO BERNI;1936;3 X 3;HALL;FRESCO;ALEGORIAS DE LA CIUDAD MODERNA
URQUIZA 41;VIVIENDA MULTIFAMILIAR ;ANTONIO BERNI;1936;3 X 3;HALL;FRESCO;ALEGORIAS DE LA CIUDAD MODERNA
VIAMONTE 2040;VIVIENDA MULTIFAMILIAR ;ADOLFO DE FERRARI;1950;S/M;HALL;MURAL CERAMICO;TITULO DESCONOCIDO
VIAMONTE 2660;VIVIENDA MULTIFAMILIAR ;JUAN CARLOS CASTAGNINO;1947;2 X 1.50;HALL;FRESCO;TITULO DESCONOCIDO
VIAMONTE 867;OFICINAS;LINO ENEA SPILIMBERGO;1955;2.00 X 2.00;HALL;PINTURA MURAL;ALEGORIA
AV. FEDERICO LACROZE 4183;ESTACCION LACROZE, EX FFCC URQUIZA;LUIS PERLOTTI;1934;1.50 X 8;HALL;ALTORELIEVE;EL PROGRESO DE LA MESOPOTAMIA
SOMELLERA Y M. LEGUIZAMON;EST. LUGANO FCG.M.BELGRANO;HECTOR RAPISARDA;1992;S/M;FACHADA;PINTURA MURAL;EL TREN LECHERO
SOMELLERA Y M. LEGUIZAMON;EST. LUGANO FCG.M.BELGRANO;HECTOR RAPISARDA;1992;S/M;FACHADA;PINTURA MURAL;LA LLEGADA DE LOS INMIGRANTES
AV. ALMIRANTE BROWN 735;EDIFICIO INDUSTRIAL;TALLER MURAL QUNQA, CENTRO DE EST. IUNA;2002;2 X 3;FACHADA;PINTURA MURAL;POR PAN Y POR TRABAJO
AV. ALMIRANTE BROWN 38;;OMAR GASPARINI;1999;S/M;FACHADA;TECNICA MIXTA;ENTRADA A LA BOCA
AV. BELGRANO Y PIEDRAS;PLAZA BELGRANO;"NILDA NOEMI ""MUNU"" ACTIS GORETTA Y COL.";1994;S/M;MURO DIVISORIO;PINTURA MURAL;A NUESTROS HERMANOS DE AMERICA
AV. DE MAYO Y BERNARDO DE IRIGOYEN;EDIFICIO DE VIVIENDAS;ALFREDO SEGATORI (PELADO);2001;S/M;FACHADAFRENTE;PINTURA MURAL;LA CIUDAD CONTRA LA PARED
AV.GARAY Y AV. PASEO COLON;;TALLER MURALISTA DE LA UTE;2001;20 X 5;MEDIANERA;PINTURA MURAL;MURAL EDUCACION O ESCLAVITUD
AV. INDEPENDENCIA Y AV. PASEO COLON;PLAZOLETA EDMUNDO RIVERO;"NILDA NOEMI ""MUNU"" ACTIS GORETTA Y COL.";1993;S/M;MEDIANERA;PINTURA MURAL;TANGO
AV. INDEPENDENCIA Y AV. PASEO COLON;PLAZ. EDMUNDO RIVERO;EDUARDO NALE / JORGE MUSCIA;1990;S/M;MEDIANERA;PINTURA MURAL;TITULO DESCONOCIDO
AV. LA PLATA 2193;FACHADA ESQ. AV. LA PLATA Y PASAJE BUTTELER;CARLOS TERRIBILI;1998;S/M;FACHADA;PINTURA MURAL;ENRIQUE SANTOS DISCEPOLO
AV. PASEO COLON 1250;"EX CENTRO ""EL ATLETICO""";GRUPO TOTEM;1995;S/M;COLUMNA AUTOPISTA;ESMALTE SINTETICO, FIGURAS EN HIERRO;HOMENAJE A LOS DESAPARECIDOS
AV. PEDRO DE MENDOZA 1629;EX PROVEEDURIA DEL SUR;VINCENT WALTER;1980;15 X 2;FACHADA;RELIEVE EN CEMENTO;TRABAJO
AV. PEDRO DE MENDOZA 2002;;CRISTINA TERZAGHI;1999;4 X 19;FACHADA;MURAL ESGRAFIADO;HOMENAJE A LA BOCA
AV. SAN JUAN 455;GARAGE COMERCIAL;DIEGO PERROTTA;2005;S/M;FACHADA;PINTURA MURAL;SAN TELMO, QUE HAY DE NUEVO
AV. SAN JUAN 455;GARAGE COMERCIAL;NASO;2004;S/M;FACHADA;PINTURA MURAL;SAN TELMO, QUE HAY DE NUEVO
BRANDSEN 350;B/PUENTE N.AVELLANEDA;GRUPO ESTEBAN FERREIRA;1992;S/M;;PINTURA MURAL;PERIODISTAS - LA FILMACION
CALIFORNIA Y GRAL. HORNOS;AUTOPISTA 9 DE JULIO;TALLER MURALISTA DE LA UTE;2001;IRREGULAR;PLANO INCLINADO AUTOPISTA;PINTURA MURAL;MURAL POR TRABAJO, DIGNIDAD Y CAMBIO SOCIAL
CORONEL APOLINARIO FIGUEROA 600;EDIFICIO INDUSTRIAL;ALUMN. DE ESC. PRILIDIANO PUEYRREDON;1984;3.49 X 7.77;FACHADA;PINTURA MURAL;GUERNICA
DEFENSA 573;SOBRE LINEA OFICIAL DE EDIFCACION;ALBERTO ARREGUI, ALUMN.ESC.PUEYRREDON;1991;5 X 2;S/LINEA MUNICIPAL;ESMALTE SINTETICO S/CHAPA;HOMENAJE AL ROTARY DE SAN TELMO
HERNANDARIAS 845;EDIFICIO INDUSTRIAL;VINCENT WALTER;1980;3 X 2;FACHADA;ALTORELIEVE EN CEMENTO COLOREADO;"TRANSPORTE ""JOSE BERALDI S.A."""
HERNANDARIAS 845;EDIFICIO INDUSTRIAL;VINCENT WALTER;1980;3 X 2;FACHADA;ALTORELIEVE EN CEMENTO COLOREADO;LA FIESTA
PERU Y CHILE;PLAZOLETA RODOLFO WALSH;;1990;S/M;MURO DIVISORIO;PINTURA MURAL;EN RECUERDO DE LA MASACRE DE TRELEW
PINZON 567;;VINCENT WALTER;1989;3 X 2;FACHADA;ALTORELIEVE EN CEMENTO COLOREADO;CAMINITO
SAN LORENZO Y BALCARCE;FACHADA;GIAMPIETRO / JAIME / NOLA;1995;15 X 2;MURO LINEA MUNICIPAL;PINTURA MURAL;TITULO DESCONOCIDO
USPALLATA 2802;FACHADA;GRUPO MURALISTA DE RICARDO VILLAR;1996;740;FACHADA;PINTURA MURAL;ESCENA URBANA
